letterbox,imdbId,tmdbId,genres,title
spider-man-across-the-spider-verse,9362722,569094,animation|science-fiction|adventure|action,Spider-Man: Across the Spider-Verse (2023)
the-super-mario-bros-movie,6718170,502356,adventure|comedy|family|animation|fantasy,The Super Mario Bros. Movie (2023)
air-2023,16419074,964980,drama|history,Air (2023)
the-pale-blue-eye,14138650,800815,crime,The Pale Blue Eye (2022)
avatar-the-way-of-water,1630029,76600,science-fiction|action|adventure,Avatar: The Way of Water (2022)
amsterdam-2022,10304142,664469,thriller|mystery|crime|comedy,Amsterdam (2022)
all-quiet-on-the-western-front-2022,1016150,49046,war|drama,All Quiet on the Western Front (2022)
the-menu-2022,9764362,593643,thriller|horror|comedy,The Menu (2022)
argentina-1985,15301048,714888,drama|history,"Argentina, 1985 (2022)"
nope,10954984,762504,mystery|science-fiction|horror,Nope (2022)
bullet-train,12593682,718930,comedy|action|thriller,Bullet Train (2022)
elvis-2022,3704428,614934,music|history|drama,Elvis (2022)
top-gun-maverick,1745960,361743,drama|action,Top Gun: Maverick (2022)
rrr,8178634,579974,action|drama,RRR (2022)
everything-everywhere-all-at-once,6710474,545611,adventure|action|science-fiction,Everything Everywhere All at Once (2022)
studio-666-2022,15374070,895744,comedy|horror|music,Studio 666 (2022)
the-batman,1877830,414906,mystery|thriller|crime,The Batman (2022)
uncharted-2022,1464335,335787,adventure|action,Uncharted (2022)
dont-look-up-2021,11286314,646380,comedy|drama|science-fiction,Don't Look Up (2021)
licorice-pizza,11271038,718032,comedy|drama,Licorice Pizza (2021)
8-bit-christmas,11540284,802217,comedy|family,8-Bit Christmas (2021)
last-night-in-soho,9639470,576845,horror|thriller|mystery,Last Night in Soho (2021)
dune-2021,1160419,438631,science-fiction|adventure,Dune (2021)
the-green-knight,9243804,559907,adventure|fantasy|drama,The Green Knight (2021)
awake-2021,10418662,615658,science-fiction|drama|thriller,Awake (2021)
in-the-heights,1321510,467909,drama|romance,In the Heights (2021)
bo-burnham-inside,14544192,823754,comedy|drama,Bo Burnham: Inside (2021)
cruella,3228774,337404,crime|comedy,Cruella (2021)
o-caso-evandro,12402000,124407,documentary|crime,O Caso Evandro (2021)
tom-clancys-without-remorse,0499097,567189,thriller|adventure|action|war,Tom Clancy's Without Remorse (2021)
mare-of-easttown,10155688,115004,crime|drama|mystery,Mare of Easttown (2021)
biggie-i-got-a-story-to-tell,14058484,797309,documentary|music,Biggie: I Got a Story to Tell (2021)
judas-and-the-black-messiah,9784798,583406,drama|history,Judas and the Black Messiah (2021)
emicida-amarelo-its-all-for-yesterday,13458600,765613,documentary|music,Emicida: AmarElo - It's All for Yesterday (2020)
mank,10618286,614560,history|drama,Mank (2020)
the-queens-gambit,10048342,87739,drama,The Queen's Gambit (2020)
borat-subsequent-moviefilm,13143964,740985,comedy,Borat Subsequent Moviefilm (2020)
im-your-woman,10243992,643612,drama|crime,I'm Your Woman (2020)
the-trial-of-the-chicago-7,1070874,556984,drama|history,The Trial of the Chicago 7 (2020)
nomadland,9770150,581734,drama,Nomadland (2020)
im-thinking-of-ending-things,7939766,500840,mystery|drama|thriller,I'm Thinking of Ending Things (2020)
chemical-hearts,5843876,621013,drama|romance,Chemical Hearts (2020)
shithouse,11618536,637053,drama|comedy|romance,Shithouse (2020)
host-2020,12749596,723072,horror|mystery|thriller,Host (2020)
greyhound,6048922,516486,drama|action|war,Greyhound (2020)
hamilton-2020,8503618,556574,history|drama,Hamilton (2020)
the-king-of-staten-island,9686708,579583,comedy|drama,The King of Staten Island (2020)
da-5-bloods,9777644,581859,war|drama,Da 5 Bloods (2020)
scoob,3152592,385103,animation|family|mystery|comedy,Scoob! (2020)
the-half-of-it,9683478,597219,drama|romance|comedy,The Half of It (2020)
normal-people-2020,9059760,89905,drama,Normal People (2020)
money-heist-the-phenomenon,12078990,689249,documentary,Money Heist: The Phenomenon (2020)
the-invisible-man-2020,1051906,570670,horror|science-fiction|thriller,The Invisible Man (2020)
minari,10633456,615643,drama,Minari (2020)
palm-springs-2020,9484998,587792,romance|science-fiction|comedy,Palm Springs (2020)
boys-state,11095742,653723,documentary,Boys State (2020)
miss-americana,11388580,653567,documentary|music,Miss Americana (2020)
bombshell-2019,6394270,525661,drama,Bombshell (2019)
little-women-2019,3281548,331482,history|drama|romance,Little Women (2019)
1917,8579674,530915,war|drama|history,1917 (2019)
the-first-temptation-of-christ,11310004,652020,comedy|fantasy,The First Temptation of Christ (2019)
dark-waters-2019,9071322,552178,drama|thriller,Dark Waters (2019)
midway-2019,6924650,522162,war|drama|action|adventure|history,Midway (2019)
zombieland-double-tap,1560220,338967,comedy|horror,Zombieland: Double Tap (2019)
the-irishman-2019,1302006,398978,drama|crime|history,The Irishman (2019)
bad-education-2019,8206668,530723,drama|history|crime,Bad Education (2019)
jojo-rabbit,2584384,515001,comedy|drama|war,Jojo Rabbit (2019)
dolemite-is-my-name,8526872,528888,history|comedy|drama,Dolemite Is My Name (2019)
knives-out-2019,8946378,546554,comedy|mystery|crime,Knives Out (2019)
sound-of-metal,5363618,502033,drama,Sound of Metal (2019)
the-platform,8228288,619264,thriller|science-fiction|drama,The Platform (2019)
hustlers-2019,5503686,540901,crime|drama|comedy,Hustlers (2019)
babyteeth,8399664,522098,comedy|romance|drama,Babyteeth (2019)
the-king-2019,7984766,504949,drama|war|history,The King (2019)
fire-in-paradise-2019,11127056,634754,documentary,Fire in Paradise (2019)
the-two-popes,8404614,551332,comedy|drama|history,The Two Popes (2019)
joker-2019,7286456,475557,crime|drama|thriller,Joker (2019)
uncut-gems,5727208,473033,drama|crime|thriller,Uncut Gems (2019)
marriage-story-2019,7653254,492188,drama,Marriage Story (2019)
it-chapter-two,7349950,474350,fantasy|horror,It Chapter Two (2019)
anima-2019,10516984,610120,music,Anima (2019)
midsommar,8772262,530385,drama|horror|mystery,Midsommar (2019)
black-mirror-striking-vipers,8503298,605400,drama|thriller|science-fiction,Black Mirror: Striking Vipers (2019)
good-omens,1869454,71915,comedy|drama,Good Omens (2019)
parasite-2019,6751668,496243,comedy|drama|thriller,Parasite (2019)
once-upon-a-time-in-hollywood,7131622,466272,thriller|comedy|drama,Once Upon a Time… in Hollywood (2019)
portrait-of-a-lady-on-fire,8613070,531428,drama|romance,Portrait of a Lady on Fire (2019)
the-lighthouse-2019,7984734,503919,thriller|fantasy|drama|horror,The Lighthouse (2019)
rocketman-2019,2066051,504608,drama|music|history,Rocketman (2019)
bacurau,2762506,446159,thriller|western|mystery,Bacurau (2019)
raising-kratos,10313218,600633,documentary,Raising Kratos (2019)
john-wick-chapter-3-parabellum,6146586,458156,thriller|action|crime,John Wick: Chapter 3 - Parabellum (2019)
chernobyl,7366338,87108,drama,Chernobyl (2019)
pokemon-detective-pikachu,5884052,447404,fantasy|action|adventure,Pokémon Detective Pikachu (2019)
avengers-endgame,4154796,299534,adventure|science-fiction|action,Avengers: Endgame (2019)
homecoming-a-film-by-beyonce,10147546,593691,documentary|music,Homecoming: A Film by Beyoncé (2019)
the-dirt,0800325,327331,history|drama|music|comedy,The Dirt (2019)
booksmart,1489887,505600,comedy,Booksmart (2019)
high-flying-bird,8128188,510498,drama,High Flying Bird (2019)
the-report-2019,8236336,524348,drama|thriller,The Report (2019)
the-great-hack,4736550,566222,documentary,The Great Hack (2019)
american-factory,9351980,565716,documentary,American Factory (2019)
the-edge-of-democracy,6016744,566221,documentary,The Edge of Democracy (2019)
spider-man-into-the-spider-verse,4633694,324857,action|adventure|animation|science-fiction,Spider-Man: Into the Spider-Verse (2018)
mary-queen-of-scots-2018,2328900,457136,drama|history,Mary Queen of Scots (2018)
creed-ii,6343314,480530,drama|action,Creed II (2018)
bird-box,2737304,405774,science-fiction|thriller|drama,Bird Box (2018)
on-the-basis-of-sex,4669788,339380,drama|history,On the Basis of Sex (2018)
ralph-breaks-the-internet,5848272,404368,comedy|animation|family|adventure,Ralph Breaks the Internet (2018)
john-leguizamos-latin-history-for-morons,9777830,557606,comedy,John Leguizamo's Latin History for Morons (2018)
bohemian-rhapsody,1727824,424694,music|history|drama,Bohemian Rhapsody (2018)
the-haunting-2018,6763664,72844,drama|mystery,The Haunting of Hill House (2018)
overlord-2018,4530422,438799,war|science-fiction|horror,Overlord (2018)
apostle-2018,6217306,424121,thriller|drama|mystery|horror,Apostle (2018)
maniac-2018,5580146,73411,drama|comedy,Maniac (2018)
quincy,7440432,504561,documentary|music,Quincy (2018)
green-book,6966692,490132,comedy|drama,Green Book (2018)
mid90s,5613484,437586,drama|comedy,mid90s (2018)
widows-2018,4218572,401469,crime|thriller,Widows (2018)
halloween-2018,1502407,424139,thriller|horror,Halloween (2018)
outlaw-king,6679794,454227,action|drama|history|war,Outlaw King (2018)
suspiria-2018,1034415,361292,fantasy|drama|horror|thriller,Suspiria (2018)
free-solo,7775622,515042,adventure|documentary,Free Solo (2018)
a-star-is-born-2018,1517451,332562,romance|drama|music,A Star Is Born (2018)
the-favourite,5083738,375262,comedy|drama|thriller,The Favourite (2018)
the-ballad-of-buster-scruggs,6412452,537996,western|comedy|drama,The Ballad of Buster Scruggs (2018)
a-simple-favor,7040874,484247,comedy|mystery|crime|thriller,A Simple Favor (2018)
first-man,1213641,369972,drama|history,First Man (2018)
roma-2018,6155172,426426,drama,Roma (2018)
crazy-rich-asians,3104988,455207,romance|comedy|drama,Crazy Rich Asians (2018)
cam,8361028,521935,thriller|horror|mystery,Cam (2018)
sharp-objects,2649356,70453,mystery|drama|crime,Sharp Objects (2018)
one-small-step-2018,8783042,549484,family|fantasy|animation|adventure,One Small Step (2018)
hannah-gadsby-nanette,8465676,529531,comedy,Hannah Gadsby: Nanette (2018)
incredibles-2,3606756,260513,animation|family|action|adventure,Incredibles 2 (2018)
animal-behaviour,8615478,511138,comedy|animation,Animal Behaviour (2018)
in-darkness-2018,5164184,417643,thriller|mystery,In Darkness (2018)
blackkklansman,7349662,487558,comedy|history|crime|drama,BlacKkKlansman (2018)
fahrenheit-451-2018,0360556,401905,science-fiction|drama|thriller,Fahrenheit 451 (2018)
cold-war-2018,6543652,440298,romance|drama|music|war,Cold War (2018)
deadpool-2,5463162,383498,action|comedy|adventure,Deadpool 2 (2018)
avengers-infinity-war,4154756,299536,adventure|action|science-fiction,Avengers: Infinity War (2018)
bao-2018,8075496,514754,fantasy|family|animation,Bao (2018)
a-quiet-place-2018,6644200,447332,science-fiction|drama|horror,A Quiet Place (2018)
take-your-pills,7983844,502166,documentary,Take Your Pills (2018)
annihilation,2798920,300668,science-fiction|horror,Annihilation (2018)
the-cloverfield-paradox,2548396,384521,action|science-fiction|thriller|horror,The Cloverfield Paradox (2018)
the-miseducation-of-cameron-post,6257174,426613,drama,The Miseducation of Cameron Post (2018)
hereditary,7784604,493922,thriller|horror|mystery,Hereditary (2018)
eighth-grade,7014006,489925,drama|comedy,Eighth Grade (2018)
searching-2018,7668870,489999,thriller|drama|mystery,Searching (2018)
blindspotting,7242142,489930,drama|comedy,Blindspotting (2018)
the-post-2017,6294822,446354,drama|history,The Post (2017)
bright,5519340,400106,action|fantasy|thriller,Bright (2017)
phantom-thread,5776858,400617,drama|romance,Phantom Thread (2017)
murder-on-the-orient-express-2017,3402236,392044,crime|drama|mystery,Murder on the Orient Express (2017)
justice-league,0974015,141052,science-fiction|adventure|action,Justice League (2017)
coco-2017,2380307,354912,fantasy|family|adventure|animation|music|comedy,Coco (2017)
thor-ragnarok,3501632,284053,adventure|action|science-fiction|fantasy|comedy,Thor: Ragnarok (2017)
blade-runner-2049,1856101,335984,science-fiction|drama,Blade Runner 2049 (2017)
jerry-before-seinfeld,7310906,473812,documentary|comedy,Jerry Before Seinfeld (2017)
the-wife-2017,3750872,340613,drama,The Wife (2017)
disobedience-2017,6108178,419743,romance|drama,Disobedience (2017)
super-size-me-2-holy-chicken,7215262,468996,documentary,Super Size Me 2: Holy Chicken! (2017)
mollys-game,4209788,396371,drama|crime,Molly's Game (2017)
i-tonya,5580036,389015,drama,"I, Tonya (2017)"
gaga-five-foot-two,7291268,472424,music|documentary,Gaga: Five Foot Two (2017)
mother-2017,5109784,381283,horror|mystery|drama,mother! (2017)
three-billboards-outside-ebbing-missouri,5027774,359940,drama|crime,"Three Billboards Outside Ebbing, Missouri (2017)"
darkest-hour,4555426,399404,history|drama,Darkest Hour (2017)
lady-bird,4925292,391713,drama|comedy,Lady Bird (2017)
first-reformed,6053438,458737,drama,First Reformed (2017)
the-shape-of-water,5580390,399055,drama|romance|fantasy,The Shape of Water (2017)
bingo-the-king-of-the-mornings,6293516,429210,drama|comedy,Bingo: The King of the Mornings (2017)
malasartes-e-o-duelo-com-a-morte,4733620,373579,comedy|fantasy,Malasartes e o Duelo com a Morte (2017)
detroit,5390504,407448,history|drama|thriller|crime,Detroit (2017)
late-afternoon,7077824,500688,animation|family|drama,Late Afternoon (2017)
dunkirk-2017,5013056,374720,war|drama|action,Dunkirk (2017)
in-a-heartbeat,6969946,455661,romance|family|comedy|animation,In a Heartbeat (2017)
the-beguiled-2017,5592248,399019,drama,The Beguiled (2017)
the-florida-project,5649144,394117,drama,The Florida Project (2017)
you-were-never-really-here,5742374,398181,thriller|crime|drama,You Were Never Really Here (2017)
the-circle-2017,4287320,339988,drama|science-fiction|thriller,The Circle (2017)
a-fantastic-woman,5639354,429191,drama,A Fantastic Woman (2017)
mfa,5091530,438435,thriller,M.F.A. (2017)
the-disaster-artist,3521126,371638,comedy|drama,The Disaster Artist (2017)
atomic-blonde,2406566,341013,action|thriller,Atomic Blonde (2017)
baby-driver,3890160,339403,crime|action,Baby Driver (2017)
song-to-song,2062700,330947,music|drama|romance,Song to Song (2017)
the-shack,2872518,345938,fantasy|drama,The Shack (2017)
big-little-lies,3920596,66292,drama,Big Little Lies (2017)
first-they-killed-my-father,4882376,433247,drama|history|war,First They Killed My Father (2017)
logan-2017,3315342,263115,action|science-fiction|drama,Logan (2017)
john-wick-chapter-2,4425200,324552,thriller|action|crime,John Wick: Chapter 2 (2017)
t2-trainspotting,2763304,180863,drama|comedy,T2 Trainspotting (2017)
newness,6408226,434203,drama|romance,Newness (2017)
get-out-2017,5052448,419430,thriller|horror|mystery,Get Out (2017)
columbus-2017,5990474,414453,drama,Columbus (2017)
a-ghost-story-2017,6265828,428449,drama|fantasy,A Ghost Story (2017)
call-me-by-your-name,5726616,398818,drama|romance,Call Me by Your Name (2017)
mudbound,2396589,414425,drama,Mudbound (2017)
thoroughbreds-2017,5649108,397722,drama|thriller,Thoroughbreds (2017)
wind-river-2017,5362988,395834,drama|crime|thriller|mystery,Wind River (2017)
the-big-sick,5462602,416477,comedy|drama|romance,The Big Sick (2017)
icarus-2017,6333060,432976,documentary,Icarus (2017)
rogue-one-a-star-wars-story,3748528,330459,action|adventure|science-fiction,Rogue One: A Star Wars Story (2016)
hidden-figures,4846340,381284,drama|history,Hidden Figures (2016)
silence,0490215,68730,history|drama,Silence (2016)
underworld-blood-wars,3717252,346672,horror|action|thriller|fantasy,Underworld: Blood Wars (2016)
fantastic-beasts-and-where-to-find-them,3183660,259316,fantasy|family|adventure,Fantastic Beasts and Where to Find Them (2016)
black-mirror-san-junipero,2280064,,science-fiction|drama|thriller,Black Mirror: San Junipero (2016)
max-steel,1472584,286567,action|science-fiction|adventure,Max Steel (2016)
moana-2016,3521164,277834,comedy|adventure|animation|family,Moana (2016)
20th-century-women,4385888,342737,drama,20th Century Women (2016)
13th,5895028,407806,documentary,13th (2016)
the-girl-on-the-train-2016,3631112,346685,mystery|thriller|drama,The Girl on the Train (2016)
snowden,3774114,302401,thriller|history|drama|crime,Snowden (2016)
hacker-2016,3173594,413052,drama|thriller|crime,Hacker (2016)
the-founder,4276820,310307,drama|history,The Founder (2016)
blue-jay-2016,5912454,408508,drama|romance,Blue Jay (2016)
hacksaw-ridge,2119532,324786,history|drama|war,Hacksaw Ridge (2016)
nocturnal-animals,4550098,340666,drama|thriller,Nocturnal Animals (2016)
the-light-between-oceans,2547584,283552,drama|romance,The Light Between Oceans (2016)
arrival-2016,2543164,329865,drama|science-fiction|mystery,Arrival (2016)
la-la-land,3783958,313369,music|drama|romance|comedy,La La Land (2016)
ben-hur-2016,2638144,271969,action|drama|adventure|history,Ben-Hur (2016)
suicide-squad-2016,1386697,297761,adventure|action|fantasy,Suicide Squad (2016)
your-name,5311514,372058,drama|animation|romance,Your Name. (2016)
nerve-2016,3531824,328387,crime|adventure|mystery,Nerve (2016)
now-you-see-me-2,3110958,291805,action|crime|mystery|thriller,Now You See Me 2 (2016)
elle,3716530,337674,thriller|drama,Elle (2016)
aquarius,5221584,377273,drama,Aquarius (2016)
raw-2016,4954522,393519,horror|drama,Raw (2016)
like-crazy-2016,4621872,380225,drama|comedy,Like Crazy (2016)
train-to-busan,5700672,396535,thriller|action|horror|adventure,Train to Busan (2016)
cafe-society-2016,4513674,339397,drama|comedy|romance,Café Society (2016)
the-nice-guys,3799694,290250,action|crime|comedy,The Nice Guys (2016)
x-men-apocalypse,3385516,246655,fantasy|science-fiction|adventure|action,X-Men: Apocalypse (2016)
the-whole-truth-2016,3503406,331583,drama|thriller,The Whole Truth (2016)
dont-breathe-2016,4160708,300669,horror|thriller,Don't Breathe (2016)
10-cloverfield-lane,1179933,333371,science-fiction|thriller|horror|drama,10 Cloverfield Lane (2016)
cameraperson,5375040,376534,documentary,Cameraperson (2016)
sing-street,3544112,369557,comedy|drama|music|romance,Sing Street (2016)
captain-fantastic,3553976,334533,drama|adventure,Captain Fantastic (2016)
how-to-be-single,1292566,259694,romance|comedy,How to Be Single (2016)
the-revenant-2015,1663202,281957,drama|western|adventure,The Revenant (2015)
star-wars-the-force-awakens,2488496,140607,science-fiction|action|adventure,Star Wars: The Force Awakens (2015)
california-2015,4532634,362876,drama,Califórnia (2015)
creed,3076658,312221,drama|action,Creed (2015)
the-big-short,1596363,318846,comedy|drama,The Big Short (2015)
the-hunger-games-mockingjay-part-2,1951266,131634,adventure|action|science-fiction,The Hunger Games: Mockingjay - Part 2 (2015)
the-paradise-suite,4246894,358083,drama,The Paradise Suite (2015)
the-martian,3659388,286217,drama|science-fiction|adventure,The Martian (2015)
steve-jobs,2080374,321697,history|drama,Steve Jobs (2015)
room-2015,3170832,264644,drama|thriller,Room (2015)
spotlight,1895587,314365,drama|history,Spotlight (2015)
winter-on-fire-ukraines-fight-for-freedom,4908644,355020,documentary,Winter on Fire: Ukraine's Fight for Freedom (2015)
tiger-house,2911674,341077,thriller|action|drama|crime,Tiger House (2015)
straight-outta-compton,1398426,277216,music|history|drama,Straight Outta Compton (2015)
birdman,5130912,435092,documentary,Birdman (2015)
minions,2293640,211672,animation|adventure|comedy|family,Minions (2015)
hot-girls-wanted,4382552,318256,documentary,Hot Girls Wanted (2015)
jurassic-world,0369610,135397,science-fiction|adventure|action|thriller,Jurassic World (2015)
circle-2015,3118452,335866,horror|mystery|drama|science-fiction|thriller,Circle (2015)
sicario-2015,3397884,273481,crime|thriller|action,Sicario (2015)
ingrid-bergman-in-her-own-words,4621016,341106,history|documentary,Ingrid Bergman: In Her Own Words (2015)
inside-out-2015,2096673,150540,adventure|comedy|family|drama|animation,Inside Out (2015)
carol-2015,2402927,258480,drama|romance,Carol (2015)
amy-2015,2870648,331781,music|documentary,Amy (2015)
the-lobster,3464902,254320,drama|romance|comedy,The Lobster (2015)
mad-max-fury-road,1392190,76341,adventure|science-fiction|action,Mad Max: Fury Road (2015)
victoria-2015,4226388,320007,thriller|romance|crime,Victoria (2015)
grandma-2015,4270516,309304,comedy|drama,Grandma (2015)
brooklyn,2381111,167073,romance|drama,Brooklyn (2015)
the-second-mother,3742378,310569,drama,The Second Mother (2015)
going-clear-scientology-and-the-prison-of-belief,4257858,318224,documentary,Going Clear: Scientology and the Prison of Belief (2015)
the-witch-2015,4263482,310131,drama|mystery|horror|fantasy,The Witch (2015)
ex-machina-2015,0470752,264660,drama|science-fiction,Ex Machina (2014)
the-hobbit-the-battle-of-the-five-armies,2310332,122917,fantasy|adventure|action,The Hobbit: The Battle of the Five Armies (2014)
interstellar,0816692,157336,science-fiction|drama|adventure,Interstellar (2014)
foo-fighters-sonic-highways,3893538,60860,documentary,Foo Fighters Sonic Highways (2014)
gone-girl,2267998,210577,drama|thriller|mystery,Gone Girl (2014)
john-wick,2911666,245891,thriller|action,John Wick (2014)
the-imitation-game,2084970,205596,history|drama|war|thriller,The Imitation Game (2014)
birdman-or-the-unexpected-virtue-of-ignorance,2562232,194662,comedy|drama,Birdman or (The Unexpected Virtue of Ignorance) (2014)
as-above-so-below-2014,2870612,256274,horror|thriller,"As Above, So Below (2014)"
into-the-storm-2014,2106361,216282,action|thriller,Into the Storm (2014)
they-are-all-dead,2515214,258749,fantasy|comedy|drama,They Are All Dead (2014)
monster-high-frights-camera-action,3565904,260234,fantasy|family|animation,"Monster High: Frights, Camera, Action! (2014)"
need-for-speed,2369135,136797,thriller|crime|action|drama,Need for Speed (2014)
what-we-do-in-the-shadows,3416742,246741,horror|comedy,What We Do in the Shadows (2014)
the-babadook,2321549,242224,horror|drama,The Babadook (2014)
whiplash-2014,2582802,244786,drama|music,Whiplash (2014)
the-secret-life-of-walter-mitty-2013,0359950,116745,drama|comedy|fantasy|adventure,The Secret Life of Walter Mitty (2013)
the-hunger-games-catching-fire,1951264,101299,action|science-fiction|adventure,The Hunger Games: Catching Fire (2013)
carrie-2013,1939659,133805,horror|drama,Carrie (2013)
captain-phillips,1535109,109424,action|thriller|drama,Captain Phillips (2013)
finding-vivian-maier,2714900,169607,documentary,Finding Vivian Maier (2013)
begin-again,1980929,198277,music|comedy|romance|drama,Begin Again (2013)
the-fifth-estate,1837703,162903,drama|thriller,The Fifth Estate (2013)
12-years-a-slave,2024544,76203,history|drama,12 Years a Slave (2013)
gravity-2013,1454468,49047,science-fiction|thriller|drama,Gravity (2013)
jobs,2357129,115782,history|drama,Jobs (2013)
mary-queen-of-scots-2013,1555069,193006,romance|drama|history,"Mary, Queen of Scots (2013)"
snowpiercer,1706620,110415,action|drama|science-fiction,Snowpiercer (2013)
pacific-rim,1663662,68726,action|science-fiction|adventure,Pacific Rim (2013)
about-time,2194499,122906,fantasy|romance|drama,About Time (2013)
monsters-university,1453405,62211,animation|family,Monsters University (2013)
only-lovers-left-alive,1714915,152603,romance|drama,Only Lovers Left Alive (2013)
blue-is-the-warmest-color,2278871,152584,drama|romance,Blue Is the Warmest Color (2013)
now-you-see-me,1670345,75656,crime|thriller,Now You See Me (2013)
before-midnight,2209418,132344,romance|drama,Before Midnight (2013)
les-miserables-2012,1707386,82695,drama|history,Les Misérables (2012)
django-unchained,1853728,68718,western|drama,Django Unchained (2012)
jack-reacher,0790724,75780,action|crime|drama|thriller,Jack Reacher (2012)
the-hobbit-an-unexpected-journey,0903624,49051,adventure|fantasy|action,The Hobbit: An Unexpected Journey (2012)
skyfall,1074638,37724,action|thriller|adventure,Skyfall (2012)
pitch-perfect,1981677,114150,music|romance|comedy,Pitch Perfect (2012)
hotel-transylvania,0837562,76492,animation|family|fantasy|comedy,Hotel Transylvania (2012)
silver-linings-playbook,1045658,82693,drama|comedy|romance,Silver Linings Playbook (2012)
the-perks-of-being-a-wallflower,1659337,84892,drama,The Perks of Being a Wallflower (2012)
frances-ha,2347569,121986,comedy|drama,Frances Ha (2012)
argo,1024648,68734,drama|thriller,Argo (2012)
the-dark-knight-rises,1345836,49026,drama|crime|action|thriller,The Dark Knight Rises (2012)
rock-of-ages,1336608,80585,drama|music|comedy|romance,Rock of Ages (2012)
the-hunger-games,1392170,70160,adventure|fantasy|science-fiction,The Hunger Games (2012)
monster-high-why-do-ghouls-fall-in-love,2168938,167313,animation|fantasy,Monster High: Why Do Ghouls Fall in Love? (2012)
the-girl-with-the-dragon-tattoo-2011,1568346,65754,thriller|crime|mystery,The Girl with the Dragon Tattoo (2011)
the-grey,1601913,75174,action|thriller|drama|adventure,The Grey (2011)
we-bought-a-zoo,1389137,74465,drama|family|comedy,We Bought a Zoo (2011)
margaret,0466893,44754,drama,Margaret (2011)
pearl-jam-twenty,1417592,72744,music|documentary,Pearl Jam Twenty (2011)
samsara-2011,0770802,89708,documentary,Samsara (2011)
contagion,1598778,39538,drama|science-fiction|thriller,Contagion (2011)
the-help,1454029,50014,drama,The Help (2011)
cars-2,1216475,49013,family|adventure|comedy|animation,Cars 2 (2011)
drive-2011,0780504,64690,thriller|drama|crime,Drive (2011)
midnight-in-paris,1605783,59436,fantasy|comedy|romance,Midnight in Paris (2011)
love-other-drugs,0758752,43347,comedy|romance|drama,Love & Other Drugs (2010)
harry-potter-and-the-deathly-hallows-part-1,0926084,12444,fantasy|adventure,Harry Potter and the Deathly Hallows: Part 1 (2010)
the-social-network,1285016,37799,drama,The Social Network (2010)
black-swan,0947798,44214,drama|thriller|horror,Black Swan (2010)
scott-pilgrim-vs-the-world,0446029,22538,romance|comedy|action,Scott Pilgrim vs. the World (2010)
inception,1375666,27205,science-fiction|action|adventure,Inception (2010)
toy-story-3,0435761,10193,family|comedy|animation,Toy Story 3 (2010)
shutter-island,1130884,11324,thriller|mystery|drama,Shutter Island (2010)
avatar,0499549,19995,adventure|action|science-fiction|fantasy,Avatar (2009)
the-blind-side,0878804,22881,drama,The Blind Side (2009)
mr-nobody,0485947,31011,science-fiction|fantasy|drama|romance,Mr. Nobody (2009)
harry-potter-and-the-half-blood-prince,0417741,767,fantasy|adventure,Harry Potter and the Half-Blood Prince (2009)
up,1049413,14160,comedy|animation|adventure|family,Up (2009)
fast-furious,1013752,13804,drama|action|thriller|crime,Fast & Furious (2009)
the-curious-case-of-benjamin-button,0421715,4922,drama|romance|fantasy,The Curious Case of Benjamin Button (2008)
twilight-2008,1099212,8966,romance|drama|fantasy,Twilight (2008)
quantum-of-solace,0830515,10764,adventure|thriller|crime|action,Quantum of Solace (2008)
barbie-and-the-diamond-castle,1294138,13004,animation|family,Barbie and the Diamond Castle (2008)
the-dark-knight,0468569,155,action|thriller|drama|crime,The Dark Knight (2008)
mamma-mia,0795421,11631,romance|comedy,Mamma Mia! (2008)
walle,0910970,10681,family|animation|science-fiction,WALL·E (2008)
che-part-one,0892255,8881,history|war|drama,Che: Part One (2008)
iron-man-2008,0371746,1726,adventure|science-fiction|action,Iron Man (2008)
the-bank-job-2008,0200465,8848,drama|crime|thriller,The Bank Job (2008)
cloverfield,1060277,7191,action|science-fiction|thriller,Cloverfield (2008)
elite-squad,0861739,7347,action|drama|crime,Elite Squad (2007)
control-2007,0421082,5708,drama,Control (2007)
across-the-universe,0445922,4688,fantasy|drama|romance,Across the Universe (2007)
into-the-wild,0758758,5915,adventure|drama,Into the Wild (2007)
rec,1038988,8329,horror|mystery,[REC] (2007)
ratatoing,1256535,199739,family|animation|comedy,Ratatoing (2007)
ratatouille,0382932,2062,fantasy|family|comedy|animation,Ratatouille (2007)
no-country-for-old-men,0477348,6977,drama|thriller|crime,No Country for Old Men (2007)
superbad,0829482,8363,comedy,Superbad (2007)
zodiac,0443706,1949,mystery|thriller|drama|crime,Zodiac (2007)
freedom-writers,0463998,1646,crime|drama,Freedom Writers (2007)
the-good-shepherd,0343737,1247,history|drama|thriller,The Good Shepherd (2006)
unaccompanied-minors,0488658,18147,comedy|family,Unaccompanied Minors (2006)
deja-vu,0453467,7551,science-fiction|action|thriller,Déjà Vu (2006)
casino-royale-2006,0381061,36557,action|adventure|thriller,Casino Royale (2006)
the-departed,0407887,1422,thriller|drama|crime,The Departed (2006)
children-of-men,0206634,9693,action|thriller|science-fiction|drama,Children of Men (2006)
paprika-2006,0851578,4977,thriller|mystery|animation|science-fiction,Paprika (2006)
black-book,0389557,9075,thriller|war|drama,Black Book (2006)
borat-cultural-learnings-of-america-for-make-benefit-glorious-nation-of-kazakhstan,0443453,496,comedy,Borat: Cultural Learnings of America for Make Benefit Glorious Nation of Kazakhstan (2006)
the-lake-house,0410297,2044,drama|mystery|romance,The Lake House (2006)
the-fast-and-the-furious-tokyo-drift,0463985,9615,thriller|crime|action|drama,The Fast and the Furious: Tokyo Drift (2006)
pans-labyrinth,0457430,1417,war|drama|fantasy,Pan's Labyrinth (2006)
cars,0317219,920,animation|adventure|family|comedy,Cars (2006)
v-for-vendetta,0434409,752,thriller|science-fiction|action,V for Vendetta (2005)
harry-potter-and-the-goblet-of-fire,0330373,674,fantasy|family|adventure,Harry Potter and the Goblet of Fire (2005)
the-exorcism-of-emily-rose,0404032,8643,crime|thriller|drama|horror,The Exorcism of Emily Rose (2005)
match-point,0416320,116,drama|crime|thriller|romance,Match Point (2005)
constantine,0360486,561,fantasy|horror|action,Constantine (2005)
coach-carter,0393162,7214,drama|history,Coach Carter (2005)
the-incredibles,0317705,9806,animation|action|adventure|family,The Incredibles (2004)
downfall,0363163,613,history|war|drama,Downfall (2004)
collateral,0369339,1538,drama|crime|thriller,Collateral (2004)
the-bourne-supremacy,0372183,2502,thriller|drama|action,The Bourne Supremacy (2004)
i-robot,0343818,2048,action|science-fiction,"I, Robot (2004)"
the-notebook,0332280,11036,drama|romance,The Notebook (2004)
harry-potter-and-the-prisoner-of-azkaban,0304141,673,adventure|fantasy,Harry Potter and the Prisoner of Azkaban (2004)
13-going-on-30,0337563,10096,romance|comedy|fantasy,13 Going on 30 (2004)
eternal-sunshine-of-the-spotless-mind,0338013,38,drama|romance|science-fiction,Eternal Sunshine of the Spotless Mind (2004)
before-sunset,0381681,80,romance|drama,Before Sunset (2004)
the-motorcycle-diaries,0318462,1653,drama,The Motorcycle Diaries (2004)
the-butterfly-effect,0289879,1954,science-fiction|thriller,The Butterfly Effect (2004)
the-last-samurai,0325710,616,war|drama|action,The Last Samurai (2003)
the-matrix-revolutions,0242653,605,adventure|action|science-fiction|thriller,The Matrix Revolutions (2003)
lost-in-translation,0335266,153,comedy|romance|drama,Lost in Translation (2003)
the-man-who-copied,0367859,40823,drama|comedy|crime|romance,The Man Who Copied (2003)
finding-nemo,0266543,12,family|animation,Finding Nemo (2003)
the-matrix-reloaded,0234215,604,action|adventure|science-fiction|thriller,The Matrix Reloaded (2003)
how-to-lose-a-guy-in-10-days,0251127,9919,comedy|romance,How to Lose a Guy in 10 Days (2003)
two-weeks-notice,0313737,2642,romance|comedy,Two Weeks Notice (2002)
the-lord-of-the-rings-the-two-towers,0167261,121,fantasy|adventure|action,The Lord of the Rings: The Two Towers (2002)
catch-me-if-you-can-2002,0264464,640,drama|crime,Catch Me If You Can (2002)
gangs-of-new-york-2002,0217505,3131,history|crime|drama,Gangs of New York (2002)
harry-potter-and-the-chamber-of-secrets,0295297,672,adventure|fantasy,Harry Potter and the Chamber of Secrets (2002)
8-mile,0298203,65,music|drama,8 Mile (2002)
the-bourne-identity-2002,0258463,2501,drama|thriller|action|mystery,The Bourne Identity (2002)
the-pianist,0253474,423,war|drama,The Pianist (2002)
a-beautiful-mind,0268978,453,drama|romance,A Beautiful Mind (2001)
oceans-eleven-2001,0240772,161,crime|thriller,Ocean's Eleven (2001)
spy-game,0266987,1535,action|thriller|crime,Spy Game (2001)
harry-potter-and-the-philosophers-stone,0241527,671,fantasy|adventure,Harry Potter and the Philosopher's Stone (2001)
monsters-inc,0198781,585,comedy|animation|family,"Monsters, Inc. (2001)"
band-of-brothers,0185906,4613,drama,Band of Brothers (2001)
training-day,0139654,2034,action|drama|crime,Training Day (2001)
spirited-away,0245429,129,fantasy|animation|family,Spirited Away (2001)
the-fast-and-the-furious-2001,0232500,9799,thriller|action|crime,The Fast and the Furious (2001)
mulholland-drive,0166924,1018,thriller|mystery|drama,Mulholland Drive (2001)
the-piano-teacher,0254686,1791,drama|romance,The Piano Teacher (2001)
amelie,0211915,194,romance|comedy,Amélie (2001)
donnie-darko,0246578,141,mystery|drama|fantasy,Donnie Darko (2001)
enemy-at-the-gates,0215750,853,war|history|drama,Enemy at the Gates (2001)
dungeons-dragons,0190374,11849,fantasy|adventure|drama,Dungeons & Dragons (2000)
unbreakable,0217869,9741,thriller|drama|mystery,Unbreakable (2000)
a-dogs-will,0271383,40096,drama|fantasy|comedy,A Dog's Will (2000)
almost-famous,0181875,786,drama|music,Almost Famous (2000)
memento,0209144,77,thriller|mystery,Memento (2000)
scary-movie-2000,0175142,4247,comedy,Scary Movie (2000)
requiem-for-a-dream,0180093,641,crime|drama,Requiem for a Dream (2000)
gladiator-2000,0172495,98,action|adventure|drama,Gladiator (2000)
american-psycho,0144084,1359,drama|thriller|crime,American Psycho (2000)
mickeys-once-upon-a-christmas,0238414,15400,comedy|animation|family,Mickey's Once Upon a Christmas (1999)
toy-story-2,0120363,863,comedy|animation|family,Toy Story 2 (1999)
fight-club,0137523,550,drama|comedy|thriller,Fight Club (1999)
american-beauty,0169547,14,drama,American Beauty (1999)
eyes-wide-shut,0120663,345,thriller|drama|mystery,Eyes Wide Shut (1999)
rosetta,0200071,11489,drama,Rosetta (1999)
the-virgin-suicides,0159097,1443,drama|romance,The Virgin Suicides (1999)
notting-hill,0125439,509,comedy|romance,Notting Hill (1999)
10-things-i-hate-about-you,0147800,4951,comedy|romance|drama,10 Things I Hate About You (1999)
the-matrix,0133093,603,science-fiction|action,The Matrix (1999)
the-thin-red-line,0120863,8741,history|war|drama,The Thin Red Line (1998)
a-bugs-life,0120623,9487,animation|comedy|family|adventure,A Bug's Life (1998)
saving-private-ryan,0120815,857,war|history|drama,Saving Private Ryan (1998)
american-history-x,0120586,73,drama,American History X (1998)
the-truman-show,0120382,37165,comedy|drama,The Truman Show (1998)
life-is-beautiful,0118799,637,comedy|drama,Life Is Beautiful (1997)
good-will-hunting,0119217,489,drama,Good Will Hunting (1997)
alien-resurrection,0118583,8078,science-fiction|horror|action,Alien Resurrection (1997)
titanic-1997,0120338,597,romance|drama,Titanic (1997)
the-devils-advocate,0118971,1813,drama|thriller|mystery|horror,The Devil's Advocate (1997)
seven-years-in-tibet,0120102,978,drama|history|adventure,Seven Years in Tibet (1997)
princess-mononoke,0119698,128,fantasy|adventure|animation,Princess Mononoke (1997)
perfect-blue,0156887,10494,animation|thriller,Perfect Blue (1997)
trainspotting,0117951,627,crime|drama,Trainspotting (1996)
heat-1995,0113277,949,drama|thriller|crime|action,Heat (1995)
toy-story,0114709,862,animation|adventure|comedy|family,Toy Story (1995)
empire-records,0112950,13531,comedy|drama|music,Empire Records (1995)
se7en,0114369,807,thriller|crime|mystery,Se7en (1995)
hackers,0113243,10428,thriller|crime|drama|action,Hackers (1995)
clueless,0112697,9603,comedy|romance,Clueless (1995)
apollo-13,0112384,568,adventure|history|drama,Apollo 13 (1995)
braveheart,0112573,197,history|action|drama|war,Braveheart (1995)
outbreak,0114069,6950,thriller|drama|science-fiction|action,Outbreak (1995)
before-sunrise,0112471,76,romance|drama,Before Sunrise (1995)
interview-with-the-vampire,0110148,628,drama|fantasy|horror,Interview with the Vampire (1994)
leon-the-professional,0110413,101,action|drama|crime,Léon: The Professional (1994)
the-shawshank-redemption,0111161,278,drama|crime,The Shawshank Redemption (1994)
forrest-gump,0109830,13,romance|comedy|drama,Forrest Gump (1994)
the-lion-king,0110357,8587,drama|family|animation,The Lion King (1994)
pulp-fiction,0110912,680,crime|thriller,Pulp Fiction (1994)
three-colours-red,0111495,110,romance|mystery|drama,Three Colours: Red (1994)
three-colours-white,0111507,109,comedy|drama|mystery,Three Colours: White (1994)
schindlers-list,0108052,424,war|drama|history,Schindler's List (1993)
addams-family-values,0106220,2758,comedy|fantasy|family,Addams Family Values (1993)
the-pelican-brief,0107798,9944,drama|mystery|action|thriller|crime,The Pelican Brief (1993)
three-colours-blue,0108394,108,drama,Three Colours: Blue (1993)
the-firm-1993,0106918,37233,thriller|mystery|drama,The Firm (1993)
dazed-and-confused,0106677,9571,comedy,Dazed and Confused (1993)
groundhog-day,0107048,137,comedy|fantasy|romance|drama,Groundhog Day (1993)
malcolm-x-1992,0104797,1883,history|drama,Malcolm X (1992)
bram-stokers-dracula,0103874,6114,romance|horror,Bram Stoker's Dracula (1992)
the-last-of-the-mohicans-1992,0104691,9361,action|war|drama|adventure|history|romance,The Last of the Mohicans (1992)
the-addams-family,0101272,2907,fantasy|comedy,The Addams Family (1991)
harley-davidson-and-the-marlboro-man,0102005,2453,action|thriller,Harley Davidson and the Marlboro Man (1991)
terminator-2-judgment-day,0103064,280,thriller|action|science-fiction,Terminator 2: Judgment Day (1991)
thelma-louise,0103074,1541,adventure|crime|thriller|drama,Thelma & Louise (1991)
the-double-life-of-veronique,0101765,1600,drama|mystery|fantasy,The Double Life of Véronique (1991)
boyz-n-the-hood,0101507,650,crime|drama,Boyz n the Hood (1991)
the-silence-of-the-lambs,0102926,274,thriller|drama|crime,The Silence of the Lambs (1991)
new-jack-city,0102526,10952,drama|thriller|crime,New Jack City (1991)
goodfellas,0099685,769,drama|crime,GoodFellas (1990)
ghost,0099653,251,mystery|thriller|romance|drama|fantasy,Ghost (1990)
the-hunt-for-red-october,0099810,1669,adventure|thriller|action,The Hunt for Red October (1990)
national-lampoons-christmas-vacation,0097958,5825,comedy,National Lampoon's Christmas Vacation (1989)
dead-poets-society,0097165,207,drama,Dead Poets Society (1989)
do-the-right-thing,0097216,925,drama,Do the Right Thing (1989)
coming-to-america,0094898,9602,romance|comedy,Coming to America (1988)
full-metal-jacket,0093058,600,drama|war,Full Metal Jacket (1987)
wings-of-desire,0093191,144,romance|fantasy|drama,Wings of Desire (1987)
labyrinth,0091369,13597,family|adventure|fantasy,Labyrinth (1986)
ferris-buellers-day-off,0091042,9377,comedy,Ferris Bueller's Day Off (1986)
a-room-with-a-view,0091867,11257,romance|drama,A Room with a View (1986)
back-to-the-future,0088763,105,adventure|comedy|science-fiction,Back to the Future (1985)
the-breakfast-club,0088847,2108,comedy|drama,The Breakfast Club (1985)
beverly-hills-cop,0086960,90,crime|action|comedy,Beverly Hills Cop (1984)
amadeus,0086879,279,drama|music|history,Amadeus (1984)
once-upon-a-time-in-america,0087843,311,drama|crime,Once Upon a Time in America (1984)
police-academy,0087928,9336,comedy|crime,Police Academy (1984)
nausicaa-of-the-valley-of-the-wind,0087544,81,animation|adventure|fantasy,Nausicaä of the Valley of the Wind (1984)
return-of-the-jedi,0086190,1892,science-fiction|adventure|action,Return of the Jedi (1983)
blade-runner,0083658,78,drama|science-fiction|thriller,Blade Runner (1982)
pink-floyd-the-wall,0084503,12104,drama|music,Pink Floyd: The Wall (1982)
christiane-f,0082176,9589,drama,Christiane F. (1981)
airplane,0080339,813,comedy,Airplane! (1980)
the-blues-brothers,0080455,525,music|comedy|crime|action,The Blues Brothers (1980)
the-empire-strikes-back,0080684,1891,science-fiction|adventure|action,The Empire Strikes Back (1980)
life-of-brian,0079470,583,comedy,Life of Brian (1979)
alien,0078748,348,science-fiction|horror,Alien (1979)
apocalypse-now,0078788,28,war|drama,Apocalypse Now (1979)
manhattan,0079522,696,romance|comedy|drama,Manhattan (1979)
halloween-1978,0077651,948,thriller|horror,Halloween (1978)
grease,0077631,621,comedy|romance,Grease (1978)
star-wars,0076759,11,adventure|action|science-fiction,Star Wars (1977)
suspiria,0076786,11906,horror,Suspiria (1977)
taxi-driver,0075314,103,drama|crime,Taxi Driver (1976)
all-the-presidents-men,0074119,891,history|drama|mystery|thriller,All the President's Men (1976)
the-godfather-part-ii,0071562,240,drama|crime,The Godfather: Part II (1974)
jesus-christ-superstar,0070239,12545,drama|music,Jesus Christ Superstar (1973)
the-godfather,0068646,238,crime|drama,The Godfather (1972)
a-clockwork-orange,0066921,185,science-fiction|drama,A Clockwork Orange (1971)
2001-a-space-odyssey,0062622,62,science-fiction|adventure|mystery,2001: A Space Odyssey (1968)
andrei-rublev,0060107,895,history|drama,Andrei Rublev (1966)
whos-afraid-of-virginia-woolf,0061184,396,drama,Who's Afraid of Virginia Woolf? (1966)
santa-claus-conquers-the-martians,0058548,32307,comedy|fantasy|science-fiction,Santa Claus Conquers the Martians (1964)
dr-strangelove-or-how-i-learned-to-stop-worrying-and-love-the-bomb,0057012,935,drama|comedy|war,Dr. Strangelove or: How I Learned to Stop Worrying and Love the Bomb (1964)
west-side-story,0055614,1725,romance|drama|crime,West Side Story (1961)
breakfast-at-tiffanys,0054698,164,comedy|romance,Breakfast at Tiffany's (1961)
psycho,0054215,539,drama|thriller|horror,Psycho (1960)
ben-hur-1959,0052618,665,drama|history|action,Ben-Hur (1959)
the-bridge-on-the-river-kwai,0050212,826,drama|war|history,The Bridge on the River Kwai (1957)
12-angry-men,0050083,389,drama,12 Angry Men (1957)
plan-9-from-outer-space,0052077,10513,horror|science-fiction,Plan 9 from Outer Space (1957)
rear-window,0047396,567,thriller|mystery,Rear Window (1954)
casablanca,0034583,289,romance|drama,Casablanca (1942)
fantasia,0032455,756,animation|family,Fantasia (1940)
gone-with-the-wind,0031381,770,war|drama|romance,Gone with the Wind (1939)
