user,movie_link,movie_title,rating
renan_mind,https://letterboxd.com/film/spider-man-across-the-spider-verse/,Spider-Man: Across the Spider-Verse (2023),4.0
renan_mind,https://letterboxd.com/film/the-super-mario-bros-movie/,The Super Mario Bros. Movie (2023),4.0
renan_mind,https://letterboxd.com/film/air-2023/,Air (2023),3.0
renan_mind,https://letterboxd.com/film/the-pale-blue-eye/,The Pale Blue Eye (2022),2.0
renan_mind,https://letterboxd.com/film/avatar-the-way-of-water/,Avatar: The Way of Water (2022),4.0
renan_mind,https://letterboxd.com/film/amsterdam-2022/,Amsterdam (2022),2.5
renan_mind,https://letterboxd.com/film/all-quiet-on-the-western-front-2022/,All Quiet on the Western Front (2022),4.0
renan_mind,https://letterboxd.com/film/the-menu-2022/,The Menu (2022),4.5
renan_mind,https://letterboxd.com/film/argentina-1985/,"Argentina, 1985 (2022)",4.0
renan_mind,https://letterboxd.com/film/nope/,Nope (2022),3.5
renan_mind,https://letterboxd.com/film/bullet-train/,Bullet Train (2022),1.5
renan_mind,https://letterboxd.com/film/elvis-2022/,Elvis (2022),3.0
renan_mind,https://letterboxd.com/film/top-gun-maverick/,Top Gun: Maverick (2022),3.5
renan_mind,https://letterboxd.com/film/rrr/,RRR (2022),5.0
renan_mind,https://letterboxd.com/film/everything-everywhere-all-at-once/,Everything Everywhere All at Once (2022),4.0
renan_mind,https://letterboxd.com/film/studio-666-2022/,Studio 666 (2022),2.0
renan_mind,https://letterboxd.com/film/the-batman/,The Batman (2022),3.5
renan_mind,https://letterboxd.com/film/uncharted-2022/,Uncharted (2022),1.0
renan_mind,https://letterboxd.com/film/dont-look-up-2021/,Don't Look Up (2021),1.5
renan_mind,https://letterboxd.com/film/licorice-pizza/,Licorice Pizza (2021),4.0
renan_mind,https://letterboxd.com/film/8-bit-christmas/,8-Bit Christmas (2021),3.0
renan_mind,https://letterboxd.com/film/last-night-in-soho/,Last Night in Soho (2021),3.0
renan_mind,https://letterboxd.com/film/dune-2021/,Dune (2021),4.0
renan_mind,https://letterboxd.com/film/the-green-knight/,The Green Knight (2021),3.5
renan_mind,https://letterboxd.com/film/awake-2021/,Awake (2021),1.5
renan_mind,https://letterboxd.com/film/in-the-heights/,In the Heights (2021),3.5
renan_mind,https://letterboxd.com/film/bo-burnham-inside/,Bo Burnham: Inside (2021),4.0
renan_mind,https://letterboxd.com/film/cruella/,Cruella (2021),4.0
renan_mind,https://letterboxd.com/film/o-caso-evandro/,O Caso Evandro (2021),4.5
renan_mind,https://letterboxd.com/film/tom-clancys-without-remorse/,Tom Clancy's Without Remorse (2021),2.0
renan_mind,https://letterboxd.com/film/mare-of-easttown/,Mare of Easttown (2021),4.0
renan_mind,https://letterboxd.com/film/biggie-i-got-a-story-to-tell/,Biggie: I Got a Story to Tell (2021),2.5
renan_mind,https://letterboxd.com/film/judas-and-the-black-messiah/,Judas and the Black Messiah (2021),4.0
renan_mind,https://letterboxd.com/film/emicida-amarelo-its-all-for-yesterday/,Emicida: AmarElo - It's All for Yesterday (2020),4.0
renan_mind,https://letterboxd.com/film/mank/,Mank (2020),4.0
renan_mind,https://letterboxd.com/film/the-queens-gambit/,The Queen's Gambit (2020),4.0
renan_mind,https://letterboxd.com/film/borat-subsequent-moviefilm/,Borat Subsequent Moviefilm (2020),3.5
renan_mind,https://letterboxd.com/film/im-your-woman/,I'm Your Woman (2020),3.0
renan_mind,https://letterboxd.com/film/the-trial-of-the-chicago-7/,The Trial of the Chicago 7 (2020),3.0
renan_mind,https://letterboxd.com/film/nomadland/,Nomadland (2020),4.0
renan_mind,https://letterboxd.com/film/im-thinking-of-ending-things/,I'm Thinking of Ending Things (2020),4.0
renan_mind,https://letterboxd.com/film/chemical-hearts/,Chemical Hearts (2020),2.0
renan_mind,https://letterboxd.com/film/shithouse/,Shithouse (2020),4.0
renan_mind,https://letterboxd.com/film/host-2020/,Host (2020),3.0
renan_mind,https://letterboxd.com/film/greyhound/,Greyhound (2020),2.0
renan_mind,https://letterboxd.com/film/hamilton-2020/,Hamilton (2020),5.0
renan_mind,https://letterboxd.com/film/the-king-of-staten-island/,The King of Staten Island (2020),3.5
renan_mind,https://letterboxd.com/film/da-5-bloods/,Da 5 Bloods (2020),3.5
renan_mind,https://letterboxd.com/film/scoob/,Scoob! (2020),
renan_mind,https://letterboxd.com/film/the-half-of-it/,The Half of It (2020),3.5
renan_mind,https://letterboxd.com/film/normal-people-2020/,Normal People (2020),4.0
renan_mind,https://letterboxd.com/film/money-heist-the-phenomenon/,Money Heist: The Phenomenon (2020),2.5
renan_mind,https://letterboxd.com/film/the-invisible-man-2020/,The Invisible Man (2020),3.5
renan_mind,https://letterboxd.com/film/minari/,Minari (2020),4.5
renan_mind,https://letterboxd.com/film/palm-springs-2020/,Palm Springs (2020),4.0
renan_mind,https://letterboxd.com/film/boys-state/,Boys State (2020),3.5
renan_mind,https://letterboxd.com/film/miss-americana/,Miss Americana (2020),2.5
renan_mind,https://letterboxd.com/film/bombshell-2019/,Bombshell (2019),1.0
renan_mind,https://letterboxd.com/film/little-women-2019/,Little Women (2019),4.5
renan_mind,https://letterboxd.com/film/1917/,1917 (2019),4.0
renan_mind,https://letterboxd.com/film/the-first-temptation-of-christ/,The First Temptation of Christ (2019),3.0
renan_mind,https://letterboxd.com/film/dark-waters-2019/,Dark Waters (2019),4.0
renan_mind,https://letterboxd.com/film/midway-2019/,Midway (2019),2.0
renan_mind,https://letterboxd.com/film/zombieland-double-tap/,Zombieland: Double Tap (2019),2.0
renan_mind,https://letterboxd.com/film/the-irishman-2019/,The Irishman (2019),3.0
renan_mind,https://letterboxd.com/film/bad-education-2019/,Bad Education (2019),2.0
renan_mind,https://letterboxd.com/film/jojo-rabbit/,Jojo Rabbit (2019),4.5
renan_mind,https://letterboxd.com/film/dolemite-is-my-name/,Dolemite Is My Name (2019),3.5
renan_mind,https://letterboxd.com/film/knives-out-2019/,Knives Out (2019),4.5
renan_mind,https://letterboxd.com/film/sound-of-metal/,Sound of Metal (2019),4.5
renan_mind,https://letterboxd.com/film/the-platform/,The Platform (2019),2.5
renan_mind,https://letterboxd.com/film/hustlers-2019/,Hustlers (2019),3.0
renan_mind,https://letterboxd.com/film/babyteeth/,Babyteeth (2019),3.5
renan_mind,https://letterboxd.com/film/the-king-2019/,The King (2019),3.0
renan_mind,https://letterboxd.com/film/fire-in-paradise-2019/,Fire in Paradise (2019),3.0
renan_mind,https://letterboxd.com/film/the-two-popes/,The Two Popes (2019),4.0
renan_mind,https://letterboxd.com/film/joker-2019/,Joker (2019),3.0
renan_mind,https://letterboxd.com/film/uncut-gems/,Uncut Gems (2019),4.5
renan_mind,https://letterboxd.com/film/marriage-story-2019/,Marriage Story (2019),4.0
renan_mind,https://letterboxd.com/film/it-chapter-two/,It Chapter Two (2019),2.5
renan_mind,https://letterboxd.com/film/anima-2019/,Anima (2019),4.0
renan_mind,https://letterboxd.com/film/midsommar/,Midsommar (2019),4.0
renan_mind,https://letterboxd.com/film/black-mirror-striking-vipers/,Black Mirror: Striking Vipers (2019),2.5
renan_mind,https://letterboxd.com/film/good-omens/,Good Omens (2019),4.0
renan_mind,https://letterboxd.com/film/parasite-2019/,Parasite (2019),4.0
renan_mind,https://letterboxd.com/film/once-upon-a-time-in-hollywood/,Once Upon a Time… in Hollywood (2019),4.0
renan_mind,https://letterboxd.com/film/portrait-of-a-lady-on-fire/,Portrait of a Lady on Fire (2019),5.0
renan_mind,https://letterboxd.com/film/the-lighthouse-2019/,The Lighthouse (2019),4.0
renan_mind,https://letterboxd.com/film/rocketman-2019/,Rocketman (2019),3.5
renan_mind,https://letterboxd.com/film/bacurau/,Bacurau (2019),4.0
renan_mind,https://letterboxd.com/film/raising-kratos/,Raising Kratos (2019),3.0
renan_mind,https://letterboxd.com/film/john-wick-chapter-3-parabellum/,John Wick: Chapter 3 - Parabellum (2019),3.0
renan_mind,https://letterboxd.com/film/chernobyl/,Chernobyl (2019),4.0
renan_mind,https://letterboxd.com/film/pokemon-detective-pikachu/,Pokémon Detective Pikachu (2019),2.0
renan_mind,https://letterboxd.com/film/avengers-endgame/,Avengers: Endgame (2019),3.5
renan_mind,https://letterboxd.com/film/homecoming-a-film-by-beyonce/,Homecoming: A Film by Beyoncé (2019),3.5
renan_mind,https://letterboxd.com/film/the-dirt/,The Dirt (2019),3.0
renan_mind,https://letterboxd.com/film/booksmart/,Booksmart (2019),4.0
renan_mind,https://letterboxd.com/film/high-flying-bird/,High Flying Bird (2019),3.0
renan_mind,https://letterboxd.com/film/the-report-2019/,The Report (2019),3.5
renan_mind,https://letterboxd.com/film/the-great-hack/,The Great Hack (2019),2.5
renan_mind,https://letterboxd.com/film/american-factory/,American Factory (2019),2.5
renan_mind,https://letterboxd.com/film/the-edge-of-democracy/,The Edge of Democracy (2019),3.0
renan_mind,https://letterboxd.com/film/spider-man-into-the-spider-verse/,Spider-Man: Into the Spider-Verse (2018),4.5
renan_mind,https://letterboxd.com/film/mary-queen-of-scots-2018/,Mary Queen of Scots (2018),3.0
renan_mind,https://letterboxd.com/film/creed-ii/,Creed II (2018),3.5
renan_mind,https://letterboxd.com/film/bird-box/,Bird Box (2018),3.0
renan_mind,https://letterboxd.com/film/on-the-basis-of-sex/,On the Basis of Sex (2018),3.0
renan_mind,https://letterboxd.com/film/ralph-breaks-the-internet/,Ralph Breaks the Internet (2018),2.5
renan_mind,https://letterboxd.com/film/john-leguizamos-latin-history-for-morons/,John Leguizamo's Latin History for Morons (2018),2.5
renan_mind,https://letterboxd.com/film/bohemian-rhapsody/,Bohemian Rhapsody (2018),2.0
renan_mind,https://letterboxd.com/film/the-haunting-2018/,The Haunting of Hill House (2018),3.0
renan_mind,https://letterboxd.com/film/overlord-2018/,Overlord (2018),3.5
renan_mind,https://letterboxd.com/film/apostle-2018/,Apostle (2018),2.5
renan_mind,https://letterboxd.com/film/maniac-2018/,Maniac (2018),4.0
renan_mind,https://letterboxd.com/film/quincy/,Quincy (2018),3.0
renan_mind,https://letterboxd.com/film/green-book/,Green Book (2018),3.5
renan_mind,https://letterboxd.com/film/mid90s/,mid90s (2018),3.5
renan_mind,https://letterboxd.com/film/widows-2018/,Widows (2018),3.0
renan_mind,https://letterboxd.com/film/halloween-2018/,Halloween (2018),1.5
renan_mind,https://letterboxd.com/film/outlaw-king/,Outlaw King (2018),3.5
renan_mind,https://letterboxd.com/film/suspiria-2018/,Suspiria (2018),4.0
renan_mind,https://letterboxd.com/film/free-solo/,Free Solo (2018),4.0
renan_mind,https://letterboxd.com/film/a-star-is-born-2018/,A Star Is Born (2018),4.0
renan_mind,https://letterboxd.com/film/the-favourite/,The Favourite (2018),4.0
renan_mind,https://letterboxd.com/film/the-ballad-of-buster-scruggs/,The Ballad of Buster Scruggs (2018),3.0
renan_mind,https://letterboxd.com/film/a-simple-favor/,A Simple Favor (2018),3.0
renan_mind,https://letterboxd.com/film/first-man/,First Man (2018),3.5
renan_mind,https://letterboxd.com/film/roma-2018/,Roma (2018),4.5
renan_mind,https://letterboxd.com/film/crazy-rich-asians/,Crazy Rich Asians (2018),3.5
renan_mind,https://letterboxd.com/film/cam/,Cam (2018),3.0
renan_mind,https://letterboxd.com/film/sharp-objects/,Sharp Objects (2018),4.5
renan_mind,https://letterboxd.com/film/one-small-step-2018/,One Small Step (2018),3.0
renan_mind,https://letterboxd.com/film/hannah-gadsby-nanette/,Hannah Gadsby: Nanette (2018),2.0
renan_mind,https://letterboxd.com/film/incredibles-2/,Incredibles 2 (2018),4.0
renan_mind,https://letterboxd.com/film/animal-behaviour/,Animal Behaviour (2018),2.0
renan_mind,https://letterboxd.com/film/in-darkness-2018/,In Darkness (2018),3.5
renan_mind,https://letterboxd.com/film/blackkklansman/,BlacKkKlansman (2018),4.0
renan_mind,https://letterboxd.com/film/fahrenheit-451-2018/,Fahrenheit 451 (2018),2.5
renan_mind,https://letterboxd.com/film/cold-war-2018/,Cold War (2018),4.0
renan_mind,https://letterboxd.com/film/deadpool-2/,Deadpool 2 (2018),1.5
renan_mind,https://letterboxd.com/film/avengers-infinity-war/,Avengers: Infinity War (2018),2.5
renan_mind,https://letterboxd.com/film/bao-2018/,Bao (2018),3.0
renan_mind,https://letterboxd.com/film/a-quiet-place-2018/,A Quiet Place (2018),4.0
renan_mind,https://letterboxd.com/film/take-your-pills/,Take Your Pills (2018),2.5
renan_mind,https://letterboxd.com/film/annihilation/,Annihilation (2018),3.0
renan_mind,https://letterboxd.com/film/the-cloverfield-paradox/,The Cloverfield Paradox (2018),2.0
renan_mind,https://letterboxd.com/film/the-miseducation-of-cameron-post/,The Miseducation of Cameron Post (2018),3.5
renan_mind,https://letterboxd.com/film/hereditary/,Hereditary (2018),4.5
renan_mind,https://letterboxd.com/film/eighth-grade/,Eighth Grade (2018),3.0
renan_mind,https://letterboxd.com/film/searching-2018/,Searching (2018),3.0
renan_mind,https://letterboxd.com/film/blindspotting/,Blindspotting (2018),3.5
renan_mind,https://letterboxd.com/film/the-post-2017/,The Post (2017),3.0
renan_mind,https://letterboxd.com/film/bright/,Bright (2017),1.5
renan_mind,https://letterboxd.com/film/phantom-thread/,Phantom Thread (2017),4.0
renan_mind,https://letterboxd.com/film/murder-on-the-orient-express-2017/,Murder on the Orient Express (2017),3.0
renan_mind,https://letterboxd.com/film/justice-league/,Justice League (2017),1.5
renan_mind,https://letterboxd.com/film/coco-2017/,Coco (2017),5.0
renan_mind,https://letterboxd.com/film/thor-ragnarok/,Thor: Ragnarok (2017),2.5
renan_mind,https://letterboxd.com/film/blade-runner-2049/,Blade Runner 2049 (2017),5.0
renan_mind,https://letterboxd.com/film/jerry-before-seinfeld/,Jerry Before Seinfeld (2017),2.5
renan_mind,https://letterboxd.com/film/the-wife-2017/,The Wife (2017),3.5
renan_mind,https://letterboxd.com/film/disobedience-2017/,Disobedience (2017),3.5
renan_mind,https://letterboxd.com/film/super-size-me-2-holy-chicken/,Super Size Me 2: Holy Chicken! (2017),3.5
renan_mind,https://letterboxd.com/film/mollys-game/,Molly's Game (2017),3.5
renan_mind,https://letterboxd.com/film/i-tonya/,"I, Tonya (2017)",3.5
renan_mind,https://letterboxd.com/film/gaga-five-foot-two/,Gaga: Five Foot Two (2017),3.5
renan_mind,https://letterboxd.com/film/mother-2017/,mother! (2017),4.5
renan_mind,https://letterboxd.com/film/three-billboards-outside-ebbing-missouri/,"Three Billboards Outside Ebbing, Missouri (2017)",3.5
renan_mind,https://letterboxd.com/film/darkest-hour/,Darkest Hour (2017),3.5
renan_mind,https://letterboxd.com/film/lady-bird/,Lady Bird (2017),4.0
renan_mind,https://letterboxd.com/film/first-reformed/,First Reformed (2017),4.5
renan_mind,https://letterboxd.com/film/the-shape-of-water/,The Shape of Water (2017),4.5
renan_mind,https://letterboxd.com/film/bingo-the-king-of-the-mornings/,Bingo: The King of the Mornings (2017),4.0
renan_mind,https://letterboxd.com/film/malasartes-e-o-duelo-com-a-morte/,Malasartes e o Duelo com a Morte (2017),2.0
renan_mind,https://letterboxd.com/film/detroit/,Detroit (2017),4.0
renan_mind,https://letterboxd.com/film/late-afternoon/,Late Afternoon (2017),4.0
renan_mind,https://letterboxd.com/film/dunkirk-2017/,Dunkirk (2017),4.0
renan_mind,https://letterboxd.com/film/in-a-heartbeat/,In a Heartbeat (2017),4.0
renan_mind,https://letterboxd.com/film/the-beguiled-2017/,The Beguiled (2017),3.5
renan_mind,https://letterboxd.com/film/the-florida-project/,The Florida Project (2017),4.0
renan_mind,https://letterboxd.com/film/you-were-never-really-here/,You Were Never Really Here (2017),4.5
renan_mind,https://letterboxd.com/film/the-circle-2017/,The Circle (2017),1.5
renan_mind,https://letterboxd.com/film/a-fantastic-woman/,A Fantastic Woman (2017),3.5
renan_mind,https://letterboxd.com/film/mfa/,M.F.A. (2017),2.5
renan_mind,https://letterboxd.com/film/the-disaster-artist/,The Disaster Artist (2017),2.5
renan_mind,https://letterboxd.com/film/atomic-blonde/,Atomic Blonde (2017),3.5
renan_mind,https://letterboxd.com/film/baby-driver/,Baby Driver (2017),2.0
renan_mind,https://letterboxd.com/film/song-to-song/,Song to Song (2017),2.5
renan_mind,https://letterboxd.com/film/the-shack/,The Shack (2017),1.5
renan_mind,https://letterboxd.com/film/big-little-lies/,Big Little Lies (2017),4.5
renan_mind,https://letterboxd.com/film/first-they-killed-my-father/,First They Killed My Father (2017),3.0
renan_mind,https://letterboxd.com/film/logan-2017/,Logan (2017),2.5
renan_mind,https://letterboxd.com/film/john-wick-chapter-2/,John Wick: Chapter 2 (2017),3.5
renan_mind,https://letterboxd.com/film/t2-trainspotting/,T2 Trainspotting (2017),3.0
renan_mind,https://letterboxd.com/film/newness/,Newness (2017),3.5
renan_mind,https://letterboxd.com/film/get-out-2017/,Get Out (2017),4.0
renan_mind,https://letterboxd.com/film/columbus-2017/,Columbus (2017),5.0
renan_mind,https://letterboxd.com/film/a-ghost-story-2017/,A Ghost Story (2017),3.5
renan_mind,https://letterboxd.com/film/call-me-by-your-name/,Call Me by Your Name (2017),3.0
renan_mind,https://letterboxd.com/film/mudbound/,Mudbound (2017),4.0
renan_mind,https://letterboxd.com/film/thoroughbreds-2017/,Thoroughbreds (2017),3.0
renan_mind,https://letterboxd.com/film/wind-river-2017/,Wind River (2017),3.5
renan_mind,https://letterboxd.com/film/the-big-sick/,The Big Sick (2017),3.0
renan_mind,https://letterboxd.com/film/icarus-2017/,Icarus (2017),3.5
renan_mind,https://letterboxd.com/film/rogue-one-a-star-wars-story/,Rogue One: A Star Wars Story (2016),4.0
renan_mind,https://letterboxd.com/film/hidden-figures/,Hidden Figures (2016),3.5
renan_mind,https://letterboxd.com/film/silence/,Silence (2016),4.0
renan_mind,https://letterboxd.com/film/underworld-blood-wars/,Underworld: Blood Wars (2016),1.5
renan_mind,https://letterboxd.com/film/fantastic-beasts-and-where-to-find-them/,Fantastic Beasts and Where to Find Them (2016),2.0
renan_mind,https://letterboxd.com/film/black-mirror-san-junipero/,Black Mirror: San Junipero (2016),2.5
renan_mind,https://letterboxd.com/film/max-steel/,Max Steel (2016),
renan_mind,https://letterboxd.com/film/moana-2016/,Moana (2016),3.0
renan_mind,https://letterboxd.com/film/20th-century-women/,20th Century Women (2016),4.5
renan_mind,https://letterboxd.com/film/13th/,13th (2016),4.0
renan_mind,https://letterboxd.com/film/the-girl-on-the-train-2016/,The Girl on the Train (2016),3.5
renan_mind,https://letterboxd.com/film/snowden/,Snowden (2016),2.5
renan_mind,https://letterboxd.com/film/hacker-2016/,Hacker (2016),2.0
renan_mind,https://letterboxd.com/film/the-founder/,The Founder (2016),2.5
renan_mind,https://letterboxd.com/film/blue-jay-2016/,Blue Jay (2016),2.5
renan_mind,https://letterboxd.com/film/hacksaw-ridge/,Hacksaw Ridge (2016),3.0
renan_mind,https://letterboxd.com/film/nocturnal-animals/,Nocturnal Animals (2016),4.5
renan_mind,https://letterboxd.com/film/the-light-between-oceans/,The Light Between Oceans (2016),3.0
renan_mind,https://letterboxd.com/film/arrival-2016/,Arrival (2016),5.0
renan_mind,https://letterboxd.com/film/la-la-land/,La La Land (2016),4.0
renan_mind,https://letterboxd.com/film/ben-hur-2016/,Ben-Hur (2016),2.5
renan_mind,https://letterboxd.com/film/suicide-squad-2016/,Suicide Squad (2016),1.0
renan_mind,https://letterboxd.com/film/your-name/,Your Name. (2016),4.0
renan_mind,https://letterboxd.com/film/nerve-2016/,Nerve (2016),2.5
renan_mind,https://letterboxd.com/film/now-you-see-me-2/,Now You See Me 2 (2016),1.5
renan_mind,https://letterboxd.com/film/elle/,Elle (2016),3.0
renan_mind,https://letterboxd.com/film/aquarius/,Aquarius (2016),3.5
renan_mind,https://letterboxd.com/film/raw-2016/,Raw (2016),4.0
renan_mind,https://letterboxd.com/film/like-crazy-2016/,Like Crazy (2016),3.0
renan_mind,https://letterboxd.com/film/train-to-busan/,Train to Busan (2016),4.0
renan_mind,https://letterboxd.com/film/cafe-society-2016/,Café Society (2016),4.0
renan_mind,https://letterboxd.com/film/the-nice-guys/,The Nice Guys (2016),3.5
renan_mind,https://letterboxd.com/film/x-men-apocalypse/,X-Men: Apocalypse (2016),1.5
renan_mind,https://letterboxd.com/film/the-whole-truth-2016/,The Whole Truth (2016),2.5
renan_mind,https://letterboxd.com/film/dont-breathe-2016/,Don't Breathe (2016),2.0
renan_mind,https://letterboxd.com/film/10-cloverfield-lane/,10 Cloverfield Lane (2016),4.5
renan_mind,https://letterboxd.com/film/cameraperson/,Cameraperson (2016),4.0
renan_mind,https://letterboxd.com/film/sing-street/,Sing Street (2016),3.5
renan_mind,https://letterboxd.com/film/captain-fantastic/,Captain Fantastic (2016),4.0
renan_mind,https://letterboxd.com/film/how-to-be-single/,How to Be Single (2016),2.5
renan_mind,https://letterboxd.com/film/the-revenant-2015/,The Revenant (2015),3.0
renan_mind,https://letterboxd.com/film/star-wars-the-force-awakens/,Star Wars: The Force Awakens (2015),3.5
renan_mind,https://letterboxd.com/film/california-2015/,Califórnia (2015),3.0
renan_mind,https://letterboxd.com/film/creed/,Creed (2015),3.5
renan_mind,https://letterboxd.com/film/the-big-short/,The Big Short (2015),4.0
renan_mind,https://letterboxd.com/film/the-hunger-games-mockingjay-part-2/,The Hunger Games: Mockingjay - Part 2 (2015),2.0
renan_mind,https://letterboxd.com/film/the-paradise-suite/,The Paradise Suite (2015),4.5
renan_mind,https://letterboxd.com/film/the-martian/,The Martian (2015),3.5
renan_mind,https://letterboxd.com/film/steve-jobs/,Steve Jobs (2015),3.0
renan_mind,https://letterboxd.com/film/room-2015/,Room (2015),3.5
renan_mind,https://letterboxd.com/film/spotlight/,Spotlight (2015),3.5
renan_mind,https://letterboxd.com/film/winter-on-fire-ukraines-fight-for-freedom/,Winter on Fire: Ukraine's Fight for Freedom (2015),3.5
renan_mind,https://letterboxd.com/film/tiger-house/,Tiger House (2015),1.5
renan_mind,https://letterboxd.com/film/straight-outta-compton/,Straight Outta Compton (2015),3.5
renan_mind,https://letterboxd.com/film/birdman/,Birdman (2015),3.5
renan_mind,https://letterboxd.com/film/minions/,Minions (2015),1.5
renan_mind,https://letterboxd.com/film/hot-girls-wanted/,Hot Girls Wanted (2015),
renan_mind,https://letterboxd.com/film/jurassic-world/,Jurassic World (2015),2.0
renan_mind,https://letterboxd.com/film/circle-2015/,Circle (2015),2.5
renan_mind,https://letterboxd.com/film/sicario-2015/,Sicario (2015),4.5
renan_mind,https://letterboxd.com/film/ingrid-bergman-in-her-own-words/,Ingrid Bergman: In Her Own Words (2015),4.0
renan_mind,https://letterboxd.com/film/inside-out-2015/,Inside Out (2015),4.0
renan_mind,https://letterboxd.com/film/carol-2015/,Carol (2015),3.0
renan_mind,https://letterboxd.com/film/amy-2015/,Amy (2015),4.0
renan_mind,https://letterboxd.com/film/the-lobster/,The Lobster (2015),4.0
renan_mind,https://letterboxd.com/film/mad-max-fury-road/,Mad Max: Fury Road (2015),5.0
renan_mind,https://letterboxd.com/film/victoria-2015/,Victoria (2015),5.0
renan_mind,https://letterboxd.com/film/grandma-2015/,Grandma (2015),3.0
renan_mind,https://letterboxd.com/film/brooklyn/,Brooklyn (2015),3.5
renan_mind,https://letterboxd.com/film/the-second-mother/,The Second Mother (2015),5.0
renan_mind,https://letterboxd.com/film/going-clear-scientology-and-the-prison-of-belief/,Going Clear: Scientology and the Prison of Belief (2015),2.5
renan_mind,https://letterboxd.com/film/the-witch-2015/,The Witch (2015),3.5
renan_mind,https://letterboxd.com/film/ex-machina-2015/,Ex Machina (2014),5.0
renan_mind,https://letterboxd.com/film/the-hobbit-the-battle-of-the-five-armies/,The Hobbit: The Battle of the Five Armies (2014),2.5
renan_mind,https://letterboxd.com/film/interstellar/,Interstellar (2014),5.0
renan_mind,https://letterboxd.com/film/foo-fighters-sonic-highways/,Foo Fighters Sonic Highways (2014),4.0
renan_mind,https://letterboxd.com/film/gone-girl/,Gone Girl (2014),3.5
renan_mind,https://letterboxd.com/film/john-wick/,John Wick (2014),3.0
renan_mind,https://letterboxd.com/film/the-imitation-game/,The Imitation Game (2014),3.5
renan_mind,https://letterboxd.com/film/birdman-or-the-unexpected-virtue-of-ignorance/,Birdman or (The Unexpected Virtue of Ignorance) (2014),4.0
renan_mind,https://letterboxd.com/film/as-above-so-below-2014/,"As Above, So Below (2014)",1.0
renan_mind,https://letterboxd.com/film/into-the-storm-2014/,Into the Storm (2014),2.0
renan_mind,https://letterboxd.com/film/they-are-all-dead/,They Are All Dead (2014),3.5
renan_mind,https://letterboxd.com/film/monster-high-frights-camera-action/,"Monster High: Frights, Camera, Action! (2014)",1.5
renan_mind,https://letterboxd.com/film/need-for-speed/,Need for Speed (2014),1.5
renan_mind,https://letterboxd.com/film/what-we-do-in-the-shadows/,What We Do in the Shadows (2014),4.5
renan_mind,https://letterboxd.com/film/the-babadook/,The Babadook (2014),3.0
renan_mind,https://letterboxd.com/film/whiplash-2014/,Whiplash (2014),3.5
renan_mind,https://letterboxd.com/film/the-secret-life-of-walter-mitty-2013/,The Secret Life of Walter Mitty (2013),4.5
renan_mind,https://letterboxd.com/film/the-hunger-games-catching-fire/,The Hunger Games: Catching Fire (2013),2.5
renan_mind,https://letterboxd.com/film/carrie-2013/,Carrie (2013),2.0
renan_mind,https://letterboxd.com/film/captain-phillips/,Captain Phillips (2013),3.0
renan_mind,https://letterboxd.com/film/finding-vivian-maier/,Finding Vivian Maier (2013),2.5
renan_mind,https://letterboxd.com/film/begin-again/,Begin Again (2013),3.5
renan_mind,https://letterboxd.com/film/the-fifth-estate/,The Fifth Estate (2013),1.5
renan_mind,https://letterboxd.com/film/12-years-a-slave/,12 Years a Slave (2013),3.5
renan_mind,https://letterboxd.com/film/gravity-2013/,Gravity (2013),4.0
renan_mind,https://letterboxd.com/film/jobs/,Jobs (2013),2.0
renan_mind,https://letterboxd.com/film/mary-queen-of-scots-2013/,"Mary, Queen of Scots (2013)",3.5
renan_mind,https://letterboxd.com/film/snowpiercer/,Snowpiercer (2013),3.5
renan_mind,https://letterboxd.com/film/pacific-rim/,Pacific Rim (2013),3.0
renan_mind,https://letterboxd.com/film/about-time/,About Time (2013),4.5
renan_mind,https://letterboxd.com/film/monsters-university/,Monsters University (2013),3.0
renan_mind,https://letterboxd.com/film/only-lovers-left-alive/,Only Lovers Left Alive (2013),5.0
renan_mind,https://letterboxd.com/film/blue-is-the-warmest-color/,Blue Is the Warmest Color (2013),2.5
renan_mind,https://letterboxd.com/film/now-you-see-me/,Now You See Me (2013),1.5
renan_mind,https://letterboxd.com/film/before-midnight/,Before Midnight (2013),4.0
renan_mind,https://letterboxd.com/film/les-miserables-2012/,Les Misérables (2012),4.0
renan_mind,https://letterboxd.com/film/django-unchained/,Django Unchained (2012),4.0
renan_mind,https://letterboxd.com/film/jack-reacher/,Jack Reacher (2012),3.0
renan_mind,https://letterboxd.com/film/the-hobbit-an-unexpected-journey/,The Hobbit: An Unexpected Journey (2012),3.5
renan_mind,https://letterboxd.com/film/skyfall/,Skyfall (2012),4.0
renan_mind,https://letterboxd.com/film/pitch-perfect/,Pitch Perfect (2012),2.5
renan_mind,https://letterboxd.com/film/hotel-transylvania/,Hotel Transylvania (2012),2.5
renan_mind,https://letterboxd.com/film/silver-linings-playbook/,Silver Linings Playbook (2012),4.0
renan_mind,https://letterboxd.com/film/the-perks-of-being-a-wallflower/,The Perks of Being a Wallflower (2012),4.5
renan_mind,https://letterboxd.com/film/frances-ha/,Frances Ha (2012),5.0
renan_mind,https://letterboxd.com/film/argo/,Argo (2012),3.0
renan_mind,https://letterboxd.com/film/the-dark-knight-rises/,The Dark Knight Rises (2012),2.0
renan_mind,https://letterboxd.com/film/rock-of-ages/,Rock of Ages (2012),3.0
renan_mind,https://letterboxd.com/film/the-hunger-games/,The Hunger Games (2012),2.5
renan_mind,https://letterboxd.com/film/monster-high-why-do-ghouls-fall-in-love/,Monster High: Why Do Ghouls Fall in Love? (2012),3.0
renan_mind,https://letterboxd.com/film/the-girl-with-the-dragon-tattoo-2011/,The Girl with the Dragon Tattoo (2011),3.5
renan_mind,https://letterboxd.com/film/the-grey/,The Grey (2011),2.5
renan_mind,https://letterboxd.com/film/we-bought-a-zoo/,We Bought a Zoo (2011),3.5
renan_mind,https://letterboxd.com/film/margaret/,Margaret (2011),3.5
renan_mind,https://letterboxd.com/film/pearl-jam-twenty/,Pearl Jam Twenty (2011),5.0
renan_mind,https://letterboxd.com/film/samsara-2011/,Samsara (2011),4.5
renan_mind,https://letterboxd.com/film/contagion/,Contagion (2011),2.0
renan_mind,https://letterboxd.com/film/the-help/,The Help (2011),3.0
renan_mind,https://letterboxd.com/film/cars-2/,Cars 2 (2011),2.5
renan_mind,https://letterboxd.com/film/drive-2011/,Drive (2011),4.5
renan_mind,https://letterboxd.com/film/midnight-in-paris/,Midnight in Paris (2011),3.0
renan_mind,https://letterboxd.com/film/love-other-drugs/,Love & Other Drugs (2010),3.0
renan_mind,https://letterboxd.com/film/harry-potter-and-the-deathly-hallows-part-1/,Harry Potter and the Deathly Hallows: Part 1 (2010),2.0
renan_mind,https://letterboxd.com/film/the-social-network/,The Social Network (2010),3.5
renan_mind,https://letterboxd.com/film/black-swan/,Black Swan (2010),4.5
renan_mind,https://letterboxd.com/film/scott-pilgrim-vs-the-world/,Scott Pilgrim vs. the World (2010),3.0
renan_mind,https://letterboxd.com/film/inception/,Inception (2010),3.5
renan_mind,https://letterboxd.com/film/toy-story-3/,Toy Story 3 (2010),3.5
renan_mind,https://letterboxd.com/film/shutter-island/,Shutter Island (2010),4.0
renan_mind,https://letterboxd.com/film/avatar/,Avatar (2009),3.5
renan_mind,https://letterboxd.com/film/the-blind-side/,The Blind Side (2009),3.0
renan_mind,https://letterboxd.com/film/mr-nobody/,Mr. Nobody (2009),3.5
renan_mind,https://letterboxd.com/film/harry-potter-and-the-half-blood-prince/,Harry Potter and the Half-Blood Prince (2009),3.0
renan_mind,https://letterboxd.com/film/up/,Up (2009),3.5
renan_mind,https://letterboxd.com/film/fast-furious/,Fast & Furious (2009),3.0
renan_mind,https://letterboxd.com/film/the-curious-case-of-benjamin-button/,The Curious Case of Benjamin Button (2008),4.0
renan_mind,https://letterboxd.com/film/twilight-2008/,Twilight (2008),
renan_mind,https://letterboxd.com/film/quantum-of-solace/,Quantum of Solace (2008),3.0
renan_mind,https://letterboxd.com/film/barbie-and-the-diamond-castle/,Barbie and the Diamond Castle (2008),2.0
renan_mind,https://letterboxd.com/film/the-dark-knight/,The Dark Knight (2008),3.5
renan_mind,https://letterboxd.com/film/mamma-mia/,Mamma Mia! (2008),3.0
renan_mind,https://letterboxd.com/film/walle/,WALL·E (2008),3.5
renan_mind,https://letterboxd.com/film/che-part-one/,Che: Part One (2008),4.0
renan_mind,https://letterboxd.com/film/iron-man-2008/,Iron Man (2008),2.5
renan_mind,https://letterboxd.com/film/the-bank-job-2008/,The Bank Job (2008),2.5
renan_mind,https://letterboxd.com/film/cloverfield/,Cloverfield (2008),3.0
renan_mind,https://letterboxd.com/film/elite-squad/,Elite Squad (2007),4.0
renan_mind,https://letterboxd.com/film/control-2007/,Control (2007),4.0
renan_mind,https://letterboxd.com/film/across-the-universe/,Across the Universe (2007),4.5
renan_mind,https://letterboxd.com/film/into-the-wild/,Into the Wild (2007),4.0
renan_mind,https://letterboxd.com/film/rec/,[REC] (2007),2.5
renan_mind,https://letterboxd.com/film/ratatoing/,Ratatoing (2007),4.0
renan_mind,https://letterboxd.com/film/ratatouille/,Ratatouille (2007),3.0
renan_mind,https://letterboxd.com/film/no-country-for-old-men/,No Country for Old Men (2007),2.5
renan_mind,https://letterboxd.com/film/superbad/,Superbad (2007),3.5
renan_mind,https://letterboxd.com/film/zodiac/,Zodiac (2007),4.0
renan_mind,https://letterboxd.com/film/freedom-writers/,Freedom Writers (2007),2.0
renan_mind,https://letterboxd.com/film/the-good-shepherd/,The Good Shepherd (2006),3.5
renan_mind,https://letterboxd.com/film/unaccompanied-minors/,Unaccompanied Minors (2006),2.5
renan_mind,https://letterboxd.com/film/deja-vu/,Déjà Vu (2006),2.5
renan_mind,https://letterboxd.com/film/casino-royale-2006/,Casino Royale (2006),3.5
renan_mind,https://letterboxd.com/film/the-departed/,The Departed (2006),4.5
renan_mind,https://letterboxd.com/film/children-of-men/,Children of Men (2006),5.0
renan_mind,https://letterboxd.com/film/paprika-2006/,Paprika (2006),4.0
renan_mind,https://letterboxd.com/film/black-book/,Black Book (2006),4.0
renan_mind,https://letterboxd.com/film/borat-cultural-learnings-of-america-for-make-benefit-glorious-nation-of-kazakhstan/,Borat: Cultural Learnings of America for Make Benefit Glorious Nation of Kazakhstan (2006),4.0
renan_mind,https://letterboxd.com/film/the-lake-house/,The Lake House (2006),3.5
renan_mind,https://letterboxd.com/film/the-fast-and-the-furious-tokyo-drift/,The Fast and the Furious: Tokyo Drift (2006),3.0
renan_mind,https://letterboxd.com/film/pans-labyrinth/,Pan's Labyrinth (2006),4.0
renan_mind,https://letterboxd.com/film/cars/,Cars (2006),1.5
renan_mind,https://letterboxd.com/film/v-for-vendetta/,V for Vendetta (2005),3.0
renan_mind,https://letterboxd.com/film/harry-potter-and-the-goblet-of-fire/,Harry Potter and the Goblet of Fire (2005),3.0
renan_mind,https://letterboxd.com/film/the-exorcism-of-emily-rose/,The Exorcism of Emily Rose (2005),3.5
renan_mind,https://letterboxd.com/film/match-point/,Match Point (2005),4.5
renan_mind,https://letterboxd.com/film/constantine/,Constantine (2005),1.5
renan_mind,https://letterboxd.com/film/coach-carter/,Coach Carter (2005),3.0
renan_mind,https://letterboxd.com/film/the-incredibles/,The Incredibles (2004),2.5
renan_mind,https://letterboxd.com/film/downfall/,Downfall (2004),3.5
renan_mind,https://letterboxd.com/film/collateral/,Collateral (2004),4.0
renan_mind,https://letterboxd.com/film/the-bourne-supremacy/,The Bourne Supremacy (2004),2.5
renan_mind,https://letterboxd.com/film/i-robot/,"I, Robot (2004)",2.0
renan_mind,https://letterboxd.com/film/the-notebook/,The Notebook (2004),3.0
renan_mind,https://letterboxd.com/film/harry-potter-and-the-prisoner-of-azkaban/,Harry Potter and the Prisoner of Azkaban (2004),3.5
renan_mind,https://letterboxd.com/film/13-going-on-30/,13 Going on 30 (2004),2.5
renan_mind,https://letterboxd.com/film/eternal-sunshine-of-the-spotless-mind/,Eternal Sunshine of the Spotless Mind (2004),5.0
renan_mind,https://letterboxd.com/film/before-sunset/,Before Sunset (2004),5.0
renan_mind,https://letterboxd.com/film/the-motorcycle-diaries/,The Motorcycle Diaries (2004),4.0
renan_mind,https://letterboxd.com/film/the-butterfly-effect/,The Butterfly Effect (2004),3.0
renan_mind,https://letterboxd.com/film/the-last-samurai/,The Last Samurai (2003),3.0
renan_mind,https://letterboxd.com/film/the-matrix-revolutions/,The Matrix Revolutions (2003),2.0
renan_mind,https://letterboxd.com/film/lost-in-translation/,Lost in Translation (2003),4.5
renan_mind,https://letterboxd.com/film/the-man-who-copied/,The Man Who Copied (2003),4.0
renan_mind,https://letterboxd.com/film/finding-nemo/,Finding Nemo (2003),3.0
renan_mind,https://letterboxd.com/film/the-matrix-reloaded/,The Matrix Reloaded (2003),2.5
renan_mind,https://letterboxd.com/film/how-to-lose-a-guy-in-10-days/,How to Lose a Guy in 10 Days (2003),2.5
renan_mind,https://letterboxd.com/film/two-weeks-notice/,Two Weeks Notice (2002),2.0
renan_mind,https://letterboxd.com/film/the-lord-of-the-rings-the-two-towers/,The Lord of the Rings: The Two Towers (2002),3.5
renan_mind,https://letterboxd.com/film/catch-me-if-you-can-2002/,Catch Me If You Can (2002),4.0
renan_mind,https://letterboxd.com/film/gangs-of-new-york-2002/,Gangs of New York (2002),3.5
renan_mind,https://letterboxd.com/film/harry-potter-and-the-chamber-of-secrets/,Harry Potter and the Chamber of Secrets (2002),1.5
renan_mind,https://letterboxd.com/film/8-mile/,8 Mile (2002),2.5
renan_mind,https://letterboxd.com/film/the-bourne-identity-2002/,The Bourne Identity (2002),3.5
renan_mind,https://letterboxd.com/film/the-pianist/,The Pianist (2002),3.5
renan_mind,https://letterboxd.com/film/a-beautiful-mind/,A Beautiful Mind (2001),3.0
renan_mind,https://letterboxd.com/film/oceans-eleven-2001/,Ocean's Eleven (2001),3.5
renan_mind,https://letterboxd.com/film/spy-game/,Spy Game (2001),2.5
renan_mind,https://letterboxd.com/film/harry-potter-and-the-philosophers-stone/,Harry Potter and the Philosopher's Stone (2001),1.5
renan_mind,https://letterboxd.com/film/monsters-inc/,"Monsters, Inc. (2001)",3.0
renan_mind,https://letterboxd.com/film/band-of-brothers/,Band of Brothers (2001),3.0
renan_mind,https://letterboxd.com/film/training-day/,Training Day (2001),4.0
renan_mind,https://letterboxd.com/film/spirited-away/,Spirited Away (2001),4.0
renan_mind,https://letterboxd.com/film/the-fast-and-the-furious-2001/,The Fast and the Furious (2001),3.0
renan_mind,https://letterboxd.com/film/mulholland-drive/,Mulholland Drive (2001),5.0
renan_mind,https://letterboxd.com/film/the-piano-teacher/,The Piano Teacher (2001),2.5
renan_mind,https://letterboxd.com/film/amelie/,Amélie (2001),4.0
renan_mind,https://letterboxd.com/film/donnie-darko/,Donnie Darko (2001),3.0
renan_mind,https://letterboxd.com/film/enemy-at-the-gates/,Enemy at the Gates (2001),3.0
renan_mind,https://letterboxd.com/film/dungeons-dragons/,Dungeons & Dragons (2000),1.5
renan_mind,https://letterboxd.com/film/unbreakable/,Unbreakable (2000),4.0
renan_mind,https://letterboxd.com/film/a-dogs-will/,A Dog's Will (2000),5.0
renan_mind,https://letterboxd.com/film/almost-famous/,Almost Famous (2000),4.0
renan_mind,https://letterboxd.com/film/memento/,Memento (2000),4.0
renan_mind,https://letterboxd.com/film/scary-movie-2000/,Scary Movie (2000),1.5
renan_mind,https://letterboxd.com/film/requiem-for-a-dream/,Requiem for a Dream (2000),4.5
renan_mind,https://letterboxd.com/film/gladiator-2000/,Gladiator (2000),4.0
renan_mind,https://letterboxd.com/film/american-psycho/,American Psycho (2000),4.0
renan_mind,https://letterboxd.com/film/mickeys-once-upon-a-christmas/,Mickey's Once Upon a Christmas (1999),3.5
renan_mind,https://letterboxd.com/film/toy-story-2/,Toy Story 2 (1999),3.5
renan_mind,https://letterboxd.com/film/fight-club/,Fight Club (1999),4.0
renan_mind,https://letterboxd.com/film/american-beauty/,American Beauty (1999),4.0
renan_mind,https://letterboxd.com/film/eyes-wide-shut/,Eyes Wide Shut (1999),5.0
renan_mind,https://letterboxd.com/film/rosetta/,Rosetta (1999),3.5
renan_mind,https://letterboxd.com/film/the-virgin-suicides/,The Virgin Suicides (1999),4.0
renan_mind,https://letterboxd.com/film/notting-hill/,Notting Hill (1999),3.0
renan_mind,https://letterboxd.com/film/10-things-i-hate-about-you/,10 Things I Hate About You (1999),4.5
renan_mind,https://letterboxd.com/film/the-matrix/,The Matrix (1999),3.5
renan_mind,https://letterboxd.com/film/the-thin-red-line/,The Thin Red Line (1998),4.5
renan_mind,https://letterboxd.com/film/a-bugs-life/,A Bug's Life (1998),3.0
renan_mind,https://letterboxd.com/film/saving-private-ryan/,Saving Private Ryan (1998),3.0
renan_mind,https://letterboxd.com/film/american-history-x/,American History X (1998),4.5
renan_mind,https://letterboxd.com/film/the-truman-show/,The Truman Show (1998),4.0
renan_mind,https://letterboxd.com/film/life-is-beautiful/,Life Is Beautiful (1997),4.5
renan_mind,https://letterboxd.com/film/good-will-hunting/,Good Will Hunting (1997),4.0
renan_mind,https://letterboxd.com/film/alien-resurrection/,Alien Resurrection (1997),3.5
renan_mind,https://letterboxd.com/film/titanic-1997/,Titanic (1997),3.5
renan_mind,https://letterboxd.com/film/the-devils-advocate/,The Devil's Advocate (1997),3.5
renan_mind,https://letterboxd.com/film/seven-years-in-tibet/,Seven Years in Tibet (1997),3.0
renan_mind,https://letterboxd.com/film/princess-mononoke/,Princess Mononoke (1997),4.5
renan_mind,https://letterboxd.com/film/perfect-blue/,Perfect Blue (1997),4.0
renan_mind,https://letterboxd.com/film/trainspotting/,Trainspotting (1996),4.5
renan_mind,https://letterboxd.com/film/heat-1995/,Heat (1995),5.0
renan_mind,https://letterboxd.com/film/toy-story/,Toy Story (1995),3.0
renan_mind,https://letterboxd.com/film/empire-records/,Empire Records (1995),3.0
renan_mind,https://letterboxd.com/film/se7en/,Se7en (1995),4.0
renan_mind,https://letterboxd.com/film/hackers/,Hackers (1995),2.0
renan_mind,https://letterboxd.com/film/clueless/,Clueless (1995),5.0
renan_mind,https://letterboxd.com/film/apollo-13/,Apollo 13 (1995),3.0
renan_mind,https://letterboxd.com/film/braveheart/,Braveheart (1995),3.5
renan_mind,https://letterboxd.com/film/outbreak/,Outbreak (1995),2.5
renan_mind,https://letterboxd.com/film/before-sunrise/,Before Sunrise (1995),5.0
renan_mind,https://letterboxd.com/film/interview-with-the-vampire/,Interview with the Vampire (1994),4.0
renan_mind,https://letterboxd.com/film/leon-the-professional/,Léon: The Professional (1994),4.0
renan_mind,https://letterboxd.com/film/the-shawshank-redemption/,The Shawshank Redemption (1994),4.0
renan_mind,https://letterboxd.com/film/forrest-gump/,Forrest Gump (1994),3.5
renan_mind,https://letterboxd.com/film/the-lion-king/,The Lion King (1994),3.5
renan_mind,https://letterboxd.com/film/pulp-fiction/,Pulp Fiction (1994),4.5
renan_mind,https://letterboxd.com/film/three-colours-red/,Three Colours: Red (1994),5.0
renan_mind,https://letterboxd.com/film/three-colours-white/,Three Colours: White (1994),3.5
renan_mind,https://letterboxd.com/film/schindlers-list/,Schindler's List (1993),4.0
renan_mind,https://letterboxd.com/film/addams-family-values/,Addams Family Values (1993),3.0
renan_mind,https://letterboxd.com/film/the-pelican-brief/,The Pelican Brief (1993),2.5
renan_mind,https://letterboxd.com/film/three-colours-blue/,Three Colours: Blue (1993),4.5
renan_mind,https://letterboxd.com/film/the-firm-1993/,The Firm (1993),3.5
renan_mind,https://letterboxd.com/film/dazed-and-confused/,Dazed and Confused (1993),4.5
renan_mind,https://letterboxd.com/film/groundhog-day/,Groundhog Day (1993),3.0
renan_mind,https://letterboxd.com/film/malcolm-x-1992/,Malcolm X (1992),4.0
renan_mind,https://letterboxd.com/film/bram-stokers-dracula/,Bram Stoker's Dracula (1992),4.0
renan_mind,https://letterboxd.com/film/the-last-of-the-mohicans-1992/,The Last of the Mohicans (1992),2.5
renan_mind,https://letterboxd.com/film/the-addams-family/,The Addams Family (1991),4.0
renan_mind,https://letterboxd.com/film/harley-davidson-and-the-marlboro-man/,Harley Davidson and the Marlboro Man (1991),3.5
renan_mind,https://letterboxd.com/film/terminator-2-judgment-day/,Terminator 2: Judgment Day (1991),3.0
renan_mind,https://letterboxd.com/film/thelma-louise/,Thelma & Louise (1991),4.0
renan_mind,https://letterboxd.com/film/the-double-life-of-veronique/,The Double Life of Véronique (1991),4.0
renan_mind,https://letterboxd.com/film/boyz-n-the-hood/,Boyz n the Hood (1991),4.5
renan_mind,https://letterboxd.com/film/the-silence-of-the-lambs/,The Silence of the Lambs (1991),4.0
renan_mind,https://letterboxd.com/film/new-jack-city/,New Jack City (1991),4.0
renan_mind,https://letterboxd.com/film/goodfellas/,GoodFellas (1990),4.0
renan_mind,https://letterboxd.com/film/ghost/,Ghost (1990),3.0
renan_mind,https://letterboxd.com/film/the-hunt-for-red-october/,The Hunt for Red October (1990),3.0
renan_mind,https://letterboxd.com/film/national-lampoons-christmas-vacation/,National Lampoon's Christmas Vacation (1989),5.0
renan_mind,https://letterboxd.com/film/dead-poets-society/,Dead Poets Society (1989),4.0
renan_mind,https://letterboxd.com/film/do-the-right-thing/,Do the Right Thing (1989),5.0
renan_mind,https://letterboxd.com/film/coming-to-america/,Coming to America (1988),3.5
renan_mind,https://letterboxd.com/film/full-metal-jacket/,Full Metal Jacket (1987),3.5
renan_mind,https://letterboxd.com/film/wings-of-desire/,Wings of Desire (1987),5.0
renan_mind,https://letterboxd.com/film/labyrinth/,Labyrinth (1986),3.5
renan_mind,https://letterboxd.com/film/ferris-buellers-day-off/,Ferris Bueller's Day Off (1986),3.5
renan_mind,https://letterboxd.com/film/a-room-with-a-view/,A Room with a View (1986),4.0
renan_mind,https://letterboxd.com/film/back-to-the-future/,Back to the Future (1985),3.5
renan_mind,https://letterboxd.com/film/the-breakfast-club/,The Breakfast Club (1985),3.5
renan_mind,https://letterboxd.com/film/beverly-hills-cop/,Beverly Hills Cop (1984),3.5
renan_mind,https://letterboxd.com/film/amadeus/,Amadeus (1984),4.5
renan_mind,https://letterboxd.com/film/once-upon-a-time-in-america/,Once Upon a Time in America (1984),4.0
renan_mind,https://letterboxd.com/film/police-academy/,Police Academy (1984),2.5
renan_mind,https://letterboxd.com/film/nausicaa-of-the-valley-of-the-wind/,Nausicaä of the Valley of the Wind (1984),2.0
renan_mind,https://letterboxd.com/film/return-of-the-jedi/,Return of the Jedi (1983),3.5
renan_mind,https://letterboxd.com/film/blade-runner/,Blade Runner (1982),4.0
renan_mind,https://letterboxd.com/film/pink-floyd-the-wall/,Pink Floyd: The Wall (1982),4.0
renan_mind,https://letterboxd.com/film/christiane-f/,Christiane F. (1981),4.5
renan_mind,https://letterboxd.com/film/airplane/,Airplane! (1980),4.0
renan_mind,https://letterboxd.com/film/the-blues-brothers/,The Blues Brothers (1980),4.0
renan_mind,https://letterboxd.com/film/the-empire-strikes-back/,The Empire Strikes Back (1980),3.5
renan_mind,https://letterboxd.com/film/life-of-brian/,Life of Brian (1979),3.5
renan_mind,https://letterboxd.com/film/alien/,Alien (1979),4.5
renan_mind,https://letterboxd.com/film/apocalypse-now/,Apocalypse Now (1979),4.0
renan_mind,https://letterboxd.com/film/manhattan/,Manhattan (1979),3.5
renan_mind,https://letterboxd.com/film/halloween-1978/,Halloween (1978),4.0
renan_mind,https://letterboxd.com/film/grease/,Grease (1978),4.0
renan_mind,https://letterboxd.com/film/star-wars/,Star Wars (1977),3.0
renan_mind,https://letterboxd.com/film/suspiria/,Suspiria (1977),5.0
renan_mind,https://letterboxd.com/film/taxi-driver/,Taxi Driver (1976),4.5
renan_mind,https://letterboxd.com/film/all-the-presidents-men/,All the President's Men (1976),4.0
renan_mind,https://letterboxd.com/film/the-godfather-part-ii/,The Godfather: Part II (1974),4.0
renan_mind,https://letterboxd.com/film/jesus-christ-superstar/,Jesus Christ Superstar (1973),3.0
renan_mind,https://letterboxd.com/film/the-godfather/,The Godfather (1972),4.5
renan_mind,https://letterboxd.com/film/a-clockwork-orange/,A Clockwork Orange (1971),4.0
renan_mind,https://letterboxd.com/film/2001-a-space-odyssey/,2001: A Space Odyssey (1968),5.0
renan_mind,https://letterboxd.com/film/andrei-rublev/,Andrei Rublev (1966),4.0
renan_mind,https://letterboxd.com/film/whos-afraid-of-virginia-woolf/,Who's Afraid of Virginia Woolf? (1966),4.5
renan_mind,https://letterboxd.com/film/santa-claus-conquers-the-martians/,Santa Claus Conquers the Martians (1964),
renan_mind,https://letterboxd.com/film/dr-strangelove-or-how-i-learned-to-stop-worrying-and-love-the-bomb/,Dr. Strangelove or: How I Learned to Stop Worrying and Love the Bomb (1964),5.0
renan_mind,https://letterboxd.com/film/west-side-story/,West Side Story (1961),4.5
renan_mind,https://letterboxd.com/film/breakfast-at-tiffanys/,Breakfast at Tiffany's (1961),3.5
renan_mind,https://letterboxd.com/film/psycho/,Psycho (1960),3.5
renan_mind,https://letterboxd.com/film/ben-hur-1959/,Ben-Hur (1959),3.5
renan_mind,https://letterboxd.com/film/the-bridge-on-the-river-kwai/,The Bridge on the River Kwai (1957),4.0
renan_mind,https://letterboxd.com/film/12-angry-men/,12 Angry Men (1957),4.5
renan_mind,https://letterboxd.com/film/plan-9-from-outer-space/,Plan 9 from Outer Space (1957),
renan_mind,https://letterboxd.com/film/rear-window/,Rear Window (1954),4.0
renan_mind,https://letterboxd.com/film/casablanca/,Casablanca (1942),4.0
renan_mind,https://letterboxd.com/film/fantasia/,Fantasia (1940),5.0
renan_mind,https://letterboxd.com/film/gone-with-the-wind/,Gone with the Wind (1939),4.0
